date,meteostat_value,evapotranspiration_value,runoff_value,radio-temp-min_value,sat_value,soil-moist_value,soil-temp_value
2022-05-28,0.0,3.31976331e-08,0.0,322.874878,299.273895,0.363377243,307.61554
2022-05-29,0.0,3.08932933e-08,0.0,321.990631,299.489288,0.363198966,307.849335
2022-05-30,0.0,3.15902469e-08,0.0,322.315613,298.463959,0.363037229,308.197906
2022-05-31,0.0,2.7226001e-08,0.0,319.653687,296.677216,0.362892598,307.325439
2022-06-01,0.0,2.55081503e-08,0.0,318.924042,296.534149,0.362758249,306.828491
2022-06-02,0.0,2.63571778e-08,9.39063341e-11,319.807709,296.553162,0.362632304,306.996124
2022-06-03,0.0,2.729427e-08,0.0,319.994934,297.381042,0.36251381,306.96637
2022-06-04,0.0,2.96496605e-08,0.0,320.751648,298.125275,0.36240077,307.376068
2022-06-05,0.0,3.16685167e-08,0.0,321.384888,297.985962,0.362294227,307.989044
2022-06-06,0.0,2.84374195e-08,0.0,320.327026,297.79837,0.362196922,307.666779
2022-06-07,0.0,2.30878161e-08,1.28091671e-09,318.012665,298.24295,0.362108231,306.761383
2022-06-08,0.0,2.20524754e-08,0.0,316.91922,298.765594,0.362020761,306.170258
2022-06-09,0.0,2.88481754e-08,0.0,320.285767,299.488129,0.361933827,307.537079
2022-06-10,0.0,3.19432836e-08,0.0,321.687195,300.977905,0.361847639,308.580353
2022-06-11,0.0,3.66794275e-08,0.0,323.456818,298.495422,0.361829728,309.765106
2022-06-12,0.2,2.52130707e-08,1.32766336e-05,318.224762,297.769592,0.363223821,307.617157
2022-06-13,4.9,2.32714754e-08,4.82064643e-05,317.243195,297.9021,0.363984555,306.466583
2022-06-14,0.5,2.4109843e-08,2.20120137e-06,317.834473,298.042999,0.36365366,306.778168
2022-06-15,0.0,2.84782686e-08,3.64699787e-07,321.207031,298.949707,0.363335729,308.076569
2022-06-16,0.0,2.60265978e-08,0.0,319.936157,300.079193,0.363053232,307.738922
2022-06-17,0.0,2.67535452e-08,0.0,320.276855,300.197906,0.362801671,308.106018
2022-06-18,0.0,3.25765797e-08,0.0,323.580017,298.558472,0.362576813,309.797821
2022-06-19,0.0,2.8095009e-08,0.0,319.959167,297.937225,0.362376571,308.393219
2022-06-20,0.0,2.77502181e-08,0.0,319.966522,297.983185,0.362214446,307.787354
2022-06-21,0.0,2.38306033e-08,2.52905738e-06,316.961731,298.870331,0.362148255,306.431396
2022-06-22,0.0,2.68727387e-08,4.12695073e-07,318.636963,300.315521,0.361990422,307.620453
2022-06-23,0.0,2.93412743e-08,0.0,320.239563,300.924164,0.36183849,308.672028
2022-06-24,0.0,2.98001783e-08,0.0,320.91745,299.169189,0.364830941,308.932739
2022-06-25,4.5,2.74719341e-08,9.70623805e-05,319.290741,299.672333,0.365063429,308.148712
2022-06-26,0.0,2.69105396e-08,0.0,318.47348,300.030975,0.364491224,307.699249
2022-06-27,0.0,3.03849994e-08,3.90678885e-08,320.450836,299.839508,0.364000946,308.741241
2022-06-28,0.0,3.28398606e-08,0.0,322.805908,299.945496,0.363577813,309.609192
2022-06-29,0.0,3.42151587e-08,0.0,323.210022,299.975983,0.363209397,310.132233
2022-06-30,0.0,3.41098705e-08,0.0,323.14209,300.01651,0.362887144,310.397247
2022-07-01,0.0,3.16422231e-08,0.0,322.091888,300.214417,0.36260429,309.858124
2022-07-02,0.0,2.8020338e-08,0.0,320.477814,300.416046,0.36235413,309.28067
2022-07-03,0.0,2.92303e-08,0.0,321.799133,300.970886,0.36212793,309.820953
2022-07-04,0.0,3.27136185e-08,0.0,323.108368,300.920929,0.361923546,310.383331
2022-07-05,0.0,2.97246103e-08,0.0,320.997162,300.268585,0.361740679,309.434052
2022-07-06,0.0,2.67676601e-08,0.0,320.008728,300.007477,0.361576468,308.759674
2022-07-07,0.0,2.6532641e-08,0.0,320.216797,299.947174,0.361424118,308.766571
2022-07-08,0.0,3.00225729e-08,0.0,322.133423,300.198639,0.361283034,309.503632
2022-07-09,0.0,2.93357214e-08,0.0,321.500916,300.160919,0.361160487,309.442535
2022-07-10,0.0,2.57425423e-08,9.42820009e-07,319.288727,299.71225,0.361193806,308.52597
2022-07-11,0.0,3.08655252e-08,3.28144779e-06,321.876709,299.972107,0.361075044,309.520905
2022-07-12,0.0,3.25010348e-08,0.0,323.228516,300.762634,0.360951573,310.364899
2022-07-13,0.0,3.15139381e-08,0.0,322.949677,300.585083,0.360838264,310.437469
2022-07-14,0.0,3.14519575e-08,0.0,322.579132,300.311493,0.360735029,310.116058
2022-07-15,0.0,2.68165099e-08,0.0,320.155121,299.921387,0.360638171,309.14859
2022-07-16,0.0,3.0491524e-08,0.0,321.892273,300.363312,0.360545903,309.599152
2022-07-17,0.0,2.98269036e-08,0.0,321.661713,301.091522,0.360459238,309.800446
2022-07-18,0.0,3.09625499e-08,0.0,322.864197,302.324249,0.36037448,310.6633
2022-07-19,0.0,3.52692275e-08,0.0,325.447662,302.233673,0.36029458,311.812317
2022-07-20,0.0,3.25522436e-08,0.0,323.2883,301.218445,0.360222191,311.093781
2022-07-21,0.0,2.80537851e-08,0.0,320.8591,301.670135,0.360154599,309.853943
2022-07-22,0.0,3.23519771e-08,0.0,322.710876,301.949371,0.36008653,310.503937
2022-07-23,0.0,3.50308227e-08,0.0,323.742615,302.048462,0.360021025,311.271545
2022-07-24,0.0,3.38032144e-08,0.0,323.076294,302.299347,0.359957844,311.153778
2022-07-25,0.0,3.64522634e-08,0.0,324.211212,302.211517,0.359896421,311.620453
2022-07-26,0.0,3.65621737e-08,0.0,324.285797,302.194763,0.359837443,311.705078
2022-07-27,0.0,3.60733914e-08,0.0,324.616547,302.720581,0.359780282,311.869446
2022-07-28,0.0,3.710554e-08,0.0,326.228516,302.98996,0.359724611,312.593719
2022-07-29,0.0,3.69975588e-08,0.0,325.961243,301.843658,0.359672874,312.744781
2022-07-30,0.0,3.43618183e-08,0.0,324.30954,300.907379,0.35962376,311.967072
2022-07-31,0.0,3.28220651e-08,0.0,323.203644,300.954407,0.35957706,311.20755
2022-08-01,0.0,2.90917495e-08,2.43586982e-08,321.699677,301.238922,0.359534889,310.426056
2022-08-02,0.0,2.85536803e-08,1.88539264e-08,322.229675,301.090637,0.359491348,310.601654
2022-08-03,0.0,3.03992778e-08,0.0,322.885162,301.645477,0.359446079,310.95755
2022-08-04,0.0,3.2475004e-08,0.0,324.592316,301.813049,0.359400541,311.690063
2022-08-05,0.0,3.34232801e-08,0.0,324.556641,301.53595,0.359356642,312.175812
2022-08-06,0.0,2.90048749e-08,0.0,321.645081,301.037933,0.359315902,310.752869
2022-08-07,0.0,2.9681992e-08,0.0,321.542114,300.576019,0.35927555,310.056366
2022-08-08,0.0,2.91482127e-08,3.88838153e-08,321.023132,301.326569,0.359256238,309.541809
2022-08-09,0.4,3.02903764e-08,2.085402e-06,321.638702,301.568512,0.35938403,310.062958
2022-08-10,0.3,2.90542417e-08,3.68599217e-06,321.387115,301.55069,0.359418988,310.016876
2022-08-11,0.0,2.87100672e-08,1.28116164e-06,321.31604,301.164398,0.359356135,310.053711
2022-08-12,0.0,3.14712345e-08,0.0,323.024261,300.857056,0.359292597,310.541046
2022-08-13,0.0,2.81228534e-08,1.12692476e-07,320.684967,301.116821,0.359245896,309.478485
2022-08-14,0.0,2.68763785e-08,2.18075584e-07,320.332672,300.820648,0.359189391,309.166046
2022-08-15,0.0,2.99922895e-08,0.0,321.893036,301.120087,0.359131247,309.732056
2022-08-16,0.0,3.22925438e-08,0.0,322.960205,301.025604,0.359075159,310.255035
2022-08-17,0.0,3.31604824e-08,0.0,323.420837,300.514587,0.359022886,310.591309
2022-08-18,0.0,3.13636939e-08,0.0,322.430298,300.633301,0.3589755,309.918304
2022-08-19,0.0,2.62197677e-08,0.0,319.818268,301.061493,0.358930975,308.713348
2022-08-20,0.0,2.60320387e-08,0.0,320.181152,301.556183,0.358890295,309.007172
2022-08-21,0.0,2.56728239e-08,2.77154246e-08,320.374603,301.202606,0.358849913,309.395355
2022-08-22,0.0,2.52593821e-08,4.82412936e-08,319.513519,300.94339,0.358838946,308.923706
2022-08-23,0.2,2.73154139e-08,9.32123385e-07,320.486389,300.69632,0.358821481,309.377014
2022-08-24,0.0,3.08561425e-08,4.15482958e-07,322.050659,302.348694,0.358774543,309.947968
2022-08-25,0.0,3.0482326e-08,0.0,321.701202,301.735107,0.358727962,309.639587
2022-08-26,0.0,3.03915613e-08,0.0,322.745819,301.900085,0.358684987,310.115265
2022-08-27,0.0,2.69083813e-08,0.0,320.647552,302.399536,0.358645439,309.320251
2022-08-28,0.0,2.52824552e-08,0.0,320.43454,302.505066,0.358605623,309.146759
2022-08-29,0.0,2.84176469e-08,0.0,323.095123,302.355865,0.358564764,310.174408
2022-08-30,0.6,2.98789153e-08,0.0,323.877625,302.039612,0.358525157,310.713409
2022-08-31,1.3,2.90694775e-08,2.85438659e-08,323.915405,301.592743,0.358523488,311.089569
2022-09-01,1.0,2.83196613e-08,1.38833002e-06,322.166626,302.011688,0.358530164,310.758759
2022-09-02,0.0,2.87349113e-08,6.92436686e-07,322.944885,301.583069,0.35849157,310.898346
2022-09-03,0.0,2.83117032e-08,2.3448338e-07,322.599731,301.113159,0.358466595,310.691925
2022-09-04,0.0,2.66818869e-08,4.92855122e-07,321.501831,300.720245,0.358433038,310.343018
2022-09-05,0.0,2.53360497e-08,2.66970037e-08,320.125763,300.753357,0.358400077,309.088928
2022-09-06,0.0,2.43456686e-08,3.44893692e-07,318.522003,300.86319,0.358379871,308.071564
2022-09-07,0.0,2.61629083e-08,5.60606338e-07,319.876617,301.878662,0.358343393,308.95752
2022-09-08,0.0,3.10542454e-08,4.94133179e-10,321.798157,301.879333,0.35829857,309.633179
2022-09-09,0.0,2.78956751e-08,0.0,320.199188,301.549103,0.358256191,308.749298
2022-09-10,0.0,3.0408156e-08,0.0,321.709625,301.022552,0.358214289,309.189423
2022-09-11,0.0,2.96511491e-08,0.0,321.221161,300.404938,0.358175755,309.01889
2022-09-12,0.0,2.4730987e-08,4.40354908e-09,319.087952,300.861664,0.358155996,308.000336
2022-09-13,0.0,2.18239524e-08,3.39120675e-06,317.772278,300.471954,0.35836339,307.458832
2022-09-14,0.0,2.3755506e-08,3.08008202e-06,316.972626,299.847717,0.358311772,307.066193
2022-09-15,0.0,2.80905628e-08,2.46453933e-08,319.733826,300.25119,0.358251661,307.688965
2022-09-16,0.0,2.42140974e-08,0.0,319.064362,300.684814,0.358197123,307.513336
2022-09-17,0.0,2.47475054e-08,0.0,319.682556,300.433502,0.358144969,307.656403
2022-09-18,0.0,2.60814303e-08,7.49306395e-09,320.066254,299.734314,0.358140916,308.253876
2022-09-19,0.0,2.04295478e-08,2.3541977e-06,314.72287,299.794952,0.35818398,306.737091
2022-09-20,0.8,2.39173232e-08,2.28120712e-06,318.175507,299.672241,0.358206719,307.310608
2022-09-21,0.0,2.20722907e-08,7.50940387e-07,314.918823,299.613495,0.358172268,305.880707
2022-09-22,0.0,2.14874358e-08,4.70597769e-07,315.353149,299.203857,0.358137488,305.513123
2022-09-23,0.0,2.26888321e-08,6.03578599e-07,316.346771,299.618134,0.358082503,305.722626
2022-09-24,0.0,2.59349893e-08,0.0,318.125549,299.902802,0.358027071,306.380157
2022-09-25,0.0,2.21601582e-08,0.0,315.89444,300.038635,0.357975483,305.522064
2022-09-26,0.0,2.31755237e-08,0.0,316.313232,299.900787,0.357925653,305.369781
2022-09-27,0.0,2.64874576e-08,0.0,318.420013,299.409454,0.357878059,306.180023
2022-09-28,0.0,2.38979752e-08,0.0,317.123688,300.446411,0.357833296,306.095062
2022-09-29,0.0,2.42424818e-08,0.0,318.594299,301.561554,0.35779056,306.951569
2022-09-30,0.0,2.21200498e-08,0.0,317.562927,301.488098,0.357750446,306.815338
2022-10-01,0.0,2.28407355e-08,0.0,318.282471,300.771301,0.357713312,307.102325
2022-10-02,0.0,2.10558682e-08,0.0,317.504517,300.304291,0.357679725,306.530243
2022-10-03,0.0,1.75043713e-08,5.68592249e-08,314.616852,299.514008,0.357647896,305.521667
2022-10-04,0.0,2.02014743e-08,9.38915612e-11,316.065399,298.949036,0.357618302,305.790314
2022-10-05,0.0,2.06513988e-08,1.10476634e-07,315.696198,298.768463,0.357584625,305.501526
2022-10-06,0.0,2.18961116e-08,5.45516465e-10,316.868073,298.306274,0.357553363,305.440277
2022-10-07,0.0,2.04641193e-08,1.5690226e-07,313.728638,297.93811,0.35769093,304.794891
2022-10-08,0.1,2.11366284e-08,1.05329345e-05,314.18924,298.141815,0.358238816,304.280182
2022-10-09,0.0,2.19860095e-08,1.11928593e-05,314.867676,297.953247,0.358416766,304.38028
2022-10-10,0.0,1.86003959e-08,4.51652932e-06,313.384369,298.594971,0.358325988,303.711182
2022-10-11,0.0,1.84758608e-08,0.0,313.701508,298.520935,0.358208776,303.726562
2022-10-12,0.0,1.85346369e-08,2.93999686e-10,313.550354,297.583862,0.358536243,303.875641
2022-10-13,0.2,1.80964026e-08,3.08874842e-05,313.124176,297.387238,0.35927996,303.768707
2022-10-14,0.1,1.8408695e-08,3.55033239e-06,312.956207,297.809418,0.359315902,303.647797
2022-10-15,0.0,1.74021793e-08,4.7462604e-06,312.603271,298.735199,0.359114319,303.193115
2022-10-16,3.6,1.52100288e-08,5.78076111e-08,311.757141,298.877655,0.358956099,302.59671
2022-10-17,0.3,1.60966085e-08,1.1716581e-05,312.245422,297.605865,0.359528869,302.81723
2022-10-18,0.1,1.68565464e-08,9.62928516e-06,312.442291,297.627167,0.35934034,302.872345
2022-10-19,0.0,1.82853181e-08,0.0,313.267181,297.455658,0.359182507,302.94043
2022-10-20,0.5,1.47800066e-08,2.49292702e-06,310.565735,296.829987,0.359044522,301.978912
2022-10-21,0.1,1.38951926e-08,3.39722101e-06,310.609589,297.279816,0.358952552,301.590912
2022-10-22,0.0,1.62068599e-08,4.16181109e-07,312.021179,298.127106,0.358767867,301.917633
2022-10-23,5.2,1.77953901e-08,4.6471834e-07,312.784149,298.149963,0.35885942,302.569794
2022-10-24,4.1,1.61654494e-08,6.46929357e-06,312.040314,299.609131,0.358690828,302.382965
2022-10-25,0.0,1.82338002e-08,1.92185666e-07,312.609253,299.295502,0.358642936,302.769745
2022-10-26,1.0,1.54997206e-08,4.62221396e-06,310.455475,298.253387,0.358553201,302.216339
2022-10-27,0.0,1.80121997e-08,0.0,312.901337,298.284973,0.358396769,302.622437
2022-10-28,0.0,1.6402586e-08,0.0,311.89328,298.795258,0.35825491,302.123566
2022-10-29,0.0,1.63829075e-08,0.0,311.210419,298.481506,0.358127147,301.88559
2022-10-30,0.0,1.69112617e-08,0.0,311.368622,297.013855,0.358127743,301.808502
2022-10-31,0.6,1.49029749e-08,2.05183878e-05,310.207031,295.729156,0.360196471,301.225983
2022-11-01,1.9,1.53122421e-08,5.48809767e-05,310.168091,295.729218,0.361207962,300.832123
2022-11-02,0.4,1.55442184e-08,1.75394816e-05,309.753174,295.84375,0.360860616,300.797272
2022-11-03,0.0,1.61776885e-08,0.0,310.367371,295.598907,0.36043033,300.496063
2022-11-04,0.0,1.55001789e-08,0.0,309.980377,296.540436,0.360058427,300.116211
2022-11-05,0.0,1.41258765e-08,0.0,308.581055,297.505585,0.359777242,299.625946
2022-11-06,0.0,1.67381025e-08,1.53795227e-05,310.554352,295.334869,0.362373739,300.510895
2022-11-07,2.0,1.30251081e-08,0.000173303895,307.058472,293.647186,0.369155675,299.480377
2022-11-08,1.4,1.20293029e-08,0.000115215167,306.142273,293.790771,0.370996922,298.406677
2022-11-09,10.4,1.18276668e-08,8.22773145e-05,306.111542,293.745758,0.370826364,297.979889
2022-11-10,0.7,1.2462567e-08,2.01163912e-05,306.622467,295.345825,0.369012594,297.964386
2022-11-11,0.0,1.41874557e-08,2.52127403e-08,307.577057,297.008484,0.367411613,298.322174
2022-11-12,0.1,1.57721676e-08,0.0,308.996002,297.274414,0.366122365,298.860809
2022-11-13,0.0,1.43478296e-08,0.0,307.733612,296.363251,0.365061045,298.706329
2022-11-14,0.0,1.39201779e-08,1.44072203e-08,307.881622,294.735931,0.364590406,298.900909
2022-11-15,2.5,1.20257324e-08,5.11922844e-05,305.724365,293.335114,0.369024366,298.436157
2022-11-16,4.7,1.14807719e-08,0.000135102833,304.990295,293.91098,0.370343655,297.238647
2022-11-17,1.3,1.12499423e-08,4.27537161e-05,304.27829,294.38623,0.368973643,296.991791
2022-11-18,0.6,1.13057084e-08,1.00355692e-06,305.641052,295.488342,0.367459983,297.123688
2022-11-19,0.0,1.23637607e-08,0.0,306.437439,295.865021,0.366221756,297.450989
2022-11-20,0.0,1.39106824e-08,0.0,306.655273,296.595398,0.365197569,297.469299
2022-11-21,0.0,1.33383997e-08,0.0,304.900635,295.361847,0.36485517,297.11264
2022-11-22,3.0,9.06219899e-09,2.90053449e-05,303.261688,294.593781,0.364695102,296.674866
2022-11-23,0.0,1.07692415e-08,1.63236493e-07,306.047363,293.484589,0.366010994,296.964355
2022-11-24,7.2,9.56901225e-09,0.000137564974,302.865112,291.794189,0.379807204,295.885406
2022-11-25,25.0,7.41562012e-09,0.000535253261,298.692291,291.968811,0.38767305,294.447083
2022-11-26,30.1,1.13871508e-08,0.000150203807,304.196259,292.878693,0.381663114,295.59845
2022-11-27,0.0,1.13349614e-08,0.0,299.735931,294.859161,0.377295703,294.31781
2022-11-28,0.0,1.12380691e-08,0.0,303.938019,293.674469,0.376281023,295.482697
2022-11-29,13.6,7.70899522e-09,0.000164916288,298.289154,293.262085,0.379063487,294.662231
2022-11-30,0.5,8.16162782e-09,6.04731649e-05,302.256744,293.362885,0.376645952,295.329742
2022-12-01,0.0,9.21425869e-09,9.97793995e-06,304.387604,293.659943,0.373879433,295.635803
2022-12-02,0.0,9.74094849e-09,2.40713209e-08,303.682129,293.28244,0.371755213,295.171112
2022-12-03,0.0,9.20161281e-09,0.0,301.324371,293.36142,0.370083719,294.341309
2022-12-04,0.0,1.02670752e-08,0.0,303.076355,292.984894,0.368742943,294.586243
2022-12-05,0.0,1.03040181e-08,1.01664409e-06,303.37796,292.072083,0.367852956,294.680389
2022-12-06,2.1,9.62217062e-09,8.275867e-06,302.86557,292.157501,0.367091298,294.478516
2022-12-07,0.0,8.87999008e-09,1.27341955e-05,301.449188,292.55014,0.366700381,294.074799
2022-12-08,1.2,9.1299297e-09,2.44992748e-06,302.809021,292.751617,0.365878135,294.454254
2022-12-09,0.2,9.27674382e-09,1.32515041e-07,302.937866,292.644012,0.365166396,294.484894
2022-12-10,0.0,9.70570646e-09,0.0,303.095032,293.41861,0.36454609,294.326935
2022-12-11,0.0,1.04473949e-08,2.91500442e-08,302.676331,294.10495,0.364005417,294.261017
2022-12-12,0.0,1.12794503e-08,3.29437349e-08,303.252075,293.949097,0.363558739,295.232819
2022-12-13,0.0,1.0323693e-08,6.48256673e-06,302.987549,293.581024,0.364441901,295.181488
2022-12-14,6.8,8.57794369e-09,6.33727905e-05,300.07959,293.384125,0.365812451,294.397156
2022-12-15,6.2,7.48278683e-09,2.9789684e-05,302.2323,293.371521,0.365822166,294.692444
2022-12-16,0.0,7.95959831e-09,1.52738539e-06,303.586975,293.778259,0.365046024,295.005035
2022-12-17,0.0,9.13529608e-09,0.0,303.425018,293.807404,0.364384443,294.942932
2022-12-18,0.0,1.04284181e-08,0.0,303.424133,293.391022,0.36381495,294.640015
2022-12-19,0.0,1.05271951e-08,0.0,302.4664,292.647034,0.363321573,293.993042
2022-12-20,0.0,1.02092264e-08,0.0,302.158142,290.113617,0.365822554,293.56192
2022-12-21,21.3,6.32596775e-09,0.000143888145,298.186737,290.387146,0.367809206,291.587921
2022-12-22,0.0,8.650483e-09,1.67419234e-08,300.415894,291.209503,0.366686821,291.913605
2022-12-23,0.0,9.36218481e-09,2.06328127e-06,300.796967,290.419983,0.366368979,292.276917
2022-12-24,2.5,7.6897857e-09,2.44109488e-05,300.286926,290.836212,0.366156906,292.205566
2022-12-25,0.5,7.34352179e-09,1.24412027e-05,296.591309,287.664764,0.370452404,291.510193
2022-12-26,17.9,4.73748019e-09,0.000179817158,291.48233,288.129303,0.37103036,289.714935
2022-12-27,0.0,6.94667213e-09,1.621774e-06,298.721558,289.370087,0.369362026,290.754944
2022-12-28,0.0,7.85721621e-09,4.94573158e-07,299.904816,290.091034,0.368010789,291.241486
2022-12-29,0.0,8.78468054e-09,0.0,300.412994,290.249054,0.366908938,291.41568
2022-12-30,0.0,8.89050611e-09,0.0,300.262299,290.18576,0.365994185,291.510773
2022-12-31,0.0,8.66199379e-09,0.0,299.740021,291.238831,0.365222961,291.243134
2023-01-01,0.0,8.94088625e-09,0.0,298.726471,290.910858,0.364562988,291.157318
2023-01-02,0.0,1.04514344e-08,0.0,299.855438,291.672058,0.363992125,291.641724
2023-01-03,0.0,1.03612061e-08,0.0,300.713074,290.480865,0.363496929,292.470367
2023-01-04,0.0,7.95032395e-09,2.77915415e-08,299.268677,290.61969,0.363173872,291.767731
2023-01-05,0.1,7.83549492e-09,1.19205115e-05,298.825623,290.445221,0.365299582,291.741577
2023-01-06,3.4,6.87133017e-09,0.000125212144,298.908966,290.14624,0.370329976,292.21698
2023-01-07,5.0,8.43749604e-09,8.50543729e-05,301.358124,290.230957,0.369176954,292.71579
2023-01-08,0.0,8.68374261e-09,9.84449766e-09,300.586578,289.90683,0.367836833,291.840698
2023-01-09,0.0,8.544629e-09,1.0265635e-06,300.525146,289.204773,0.366863728,291.646332
2023-01-10,0.0,7.91733878e-09,2.3524442e-06,299.721344,290.107391,0.365960151,291.263947
2023-01-11,0.0,8.81907791e-09,0.0,298.767517,289.402618,0.365364075,290.970245
2023-01-12,0.0,8.86264395e-09,2.12335781e-05,295.878693,288.810516,0.366434306,290.442352
2023-01-13,2.3,7.17710735e-09,6.78068536e-05,295.206085,288.645416,0.368726224,290.549042
2023-01-14,3.5,6.19442808e-09,6.21700019e-05,295.045258,289.875885,0.368604183,289.666656
2023-01-15,0.5,7.01897163e-09,1.07397254e-05,297.468689,289.96994,0.368258595,290.290985
2023-01-16,2.2,7.36213446e-09,4.61802119e-05,296.997375,289.907318,0.368273139,290.996399
2023-01-17,0.0,6.87654511e-09,5.07458708e-07,298.863556,290.166962,0.367133141,290.914032
2023-01-18,0.2,7.25563387e-09,1.27041929e-07,301.185516,290.710114,0.366186351,291.761139
2023-01-19,0.0,8.943843e-09,0.0,300.9599,291.237396,0.365390807,291.554169
2023-01-20,0.0,1.02124398e-08,0.0,301.343536,291.608246,0.364714175,291.563812
2023-01-21,0.0,9.95798999e-09,0.0,301.895111,291.838684,0.364132404,291.931671
2023-01-22,0.0,1.00626885e-08,0.0,302.644135,291.907959,0.363626868,292.497223
2023-01-23,0.0,9.0843173e-09,0.0,302.001495,291.173706,0.363185674,292.465973
2023-01-24,0.0,8.45483594e-09,0.0,302.049774,290.495392,0.362797469,292.514374
2023-01-25,0.0,8.54311732e-09,0.0,302.016815,290.318024,0.362452775,292.360443
2023-01-26,0.0,1.00071675e-08,0.0,301.917358,292.255737,0.362144262,292.134796
2023-01-27,0.0,1.14728591e-08,0.0,302.545868,292.595825,0.362004042,292.961945
2023-01-28,1.0,8.49392467e-09,9.0595031e-06,301.183197,289.722809,0.363137156,293.432526
2023-01-29,0.1,7.37889616e-09,8.74190009e-05,299.485748,287.997131,0.368406087,292.193176
2023-01-30,8.5,7.56570895e-09,0.000181454656,299.184479,287.693512,0.380277783,291.406097
2023-01-31,31.9,5.08648368e-09,0.000398594217,291.369232,286.803986,0.388872117,289.410522
2023-02-01,31.3,4.50154225e-09,0.000387028558,290.701843,287.169983,0.388475507,288.436096
2023-02-02,27.3,8.14246359e-09,4.4123899e-05,296.859619,287.96283,0.382960588,289.594208
2023-02-03,2.1,9.56462021e-09,4.06335421e-05,300.767395,287.113556,0.38963902,291.556
2023-02-04,40.2,8.23261281e-09,0.000361194689,298.87381,287.945953,0.389983028,291.11557
2023-02-05,24.1,4.27417435e-09,0.000320601277,290.779419,286.835663,0.397301227,289.169067
2023-02-06,38.4,4.84612483e-09,0.000409679371,290.926117,285.389954,0.396674901,287.97226
2023-02-07,49.0,6.59516397e-09,0.000295064412,294.158875,283.503632,0.394420296,288.469818
2023-02-08,26.1,7.67351427e-09,0.000112742789,295.402222,284.5159,0.386960655,287.69043
2023-02-09,0.0,9.6754782e-09,2.6240528e-07,299.052032,285.993073,0.382185668,288.823212
2023-02-10,0.0,9.46894385e-09,8.00365496e-10,298.934692,286.644897,0.378915071,289.504395
2023-02-11,0.0,1.05609956e-08,0.0,300.702789,285.869904,0.377469152,290.212799
2023-02-12,0.8,8.55008331e-09,4.01089455e-05,299.615234,286.422333,0.375922561,290.194214
2023-02-13,0.0,8.87396112e-09,1.3563631e-06,299.010193,286.729034,0.37411952,290.03537
2023-02-14,0.1,9.9907238e-09,1.46620778e-06,300.963104,285.820221,0.373079062,290.306244
2023-02-15,0.3,9.44584855e-09,1.10699702e-05,299.655609,286.266357,0.371857196,289.818909
2023-02-16,0.0,9.94634064e-09,1.87304705e-09,300.436584,286.661407,0.370775342,289.902374
2023-02-17,0.0,9.02315289e-09,0.0,300.220093,287.307953,0.369861394,290.007874
2023-02-18,0.0,8.52973248e-09,0.0,300.599518,288.161713,0.369078636,290.304321
2023-02-19,0.0,8.92275942e-09,0.0,301.813416,288.834686,0.36840114,290.931427
2023-02-20,0.0,9.59708046e-09,3.10252915e-07,301.948181,288.831665,0.367828012,291.446533
2023-02-21,0.0,1.00491597e-08,2.94497966e-07,303.052399,289.045654,0.367306322,292.753021
2023-02-22,0.0,9.87687709e-09,9.02957765e-07,304.35379,288.972229,0.367865354,293.058868
2023-02-23,0.0,7.39325179e-09,3.69150112e-05,299.12149,289.214355,0.368217379,292.217682
2023-02-24,0.1,9.74943593e-09,1.38078394e-05,304.308777,289.53299,0.367774874,293.471802
2023-02-25,0.1,9.46897138e-09,2.99319277e-06,303.944061,290.967224,0.367200047,293.629272
2023-02-26,0.0,1.09434106e-08,0.0,305.778778,293.313232,0.366685271,294.319122
2023-02-27,0.0,1.31550912e-08,0.0,307.215759,294.565887,0.366233021,295.343811
2023-02-28,0.0,1.60523967e-08,0.0,309.73645,295.213165,0.36583373,296.840637
2023-03-01,0.0,1.72448704e-08,0.0,310.742218,295.644684,0.36547935,297.680695
2023-03-02,0.0,1.81228899e-08,0.0,311.238983,293.265228,0.365166873,298.390747
2023-03-03,0.0,1.10586944e-08,7.51185141e-08,303.573547,291.050446,0.364887744,295.997559
2023-03-04,0.0,1.11943663e-08,0.0,306.391693,295.076019,0.364632457,295.720428
2023-03-05,0.0,1.56368802e-08,2.15051273e-07,310.51532,290.121246,0.36563158,297.333771
2023-03-06,9.2,8.99052743e-09,6.79749865e-05,302.592438,289.609711,0.366925985,294.679352
2023-03-07,0.1,1.08890967e-08,4.40353369e-06,304.222534,289.355377,0.366888762,294.583771
2023-03-08,1.2,9.25653065e-09,3.49027578e-05,302.453949,289.392609,0.367282182,294.01944
2023-03-09,0.3,1.17178294e-08,3.05305343e-06,306.016479,290.801239,0.366639256,294.799713
2023-03-10,0.0,1.41375081e-08,0.0,308.381439,293.24411,0.366087079,295.802246
2023-03-11,0.0,1.51769921e-08,0.0,308.757477,293.30777,0.365612745,296.640228
2023-03-12,0.0,1.58336046e-08,0.0,309.351685,292.369354,0.365247846,297.459198
2023-03-13,0.0,1.17488277e-08,5.28668352e-06,306.360168,290.614594,0.365502238,296.907593
2023-03-14,6.3,8.61855654e-09,5.3476233e-05,297.876648,289.023834,0.371227413,294.116119
2023-03-15,8.0,9.67459091e-09,0.000226888238,303.208069,290.248138,0.374270797,294.452148
2023-03-16,1.1,1.23587318e-08,2.9118662e-06,305.470642,291.54541,0.372416466,295.326935
2023-03-17,1.2,1.1224933e-08,1.01390096e-05,303.67215,289.778168,0.372138172,295.138824
2023-03-18,22.8,1.11889422e-08,9.05396882e-05,306.220459,287.700928,0.378968865,295.162079
2023-03-19,19.7,9.22976895e-09,0.000302693603,301.330414,288.7388,0.381731421,293.727753
2023-03-20,2.0,1.33823335e-08,2.47498119e-05,307.573914,289.682892,0.378094107,295.568024
2023-03-21,0.1,1.34169236e-08,4.67236168e-06,307.623596,290.375824,0.37541464,296.002472
2023-03-22,0.0,1.1382979e-08,4.60702374e-08,306.107758,291.519073,0.373373985,295.765533
2023-03-23,0.5,9.2803889e-09,5.81375673e-07,300.958191,293.162933,0.371794432,294.647369
2023-03-24,4.1,1.41012846e-08,7.5676445e-07,308.952179,291.581543,0.3716892,297.600067
2023-03-25,0.7,9.01439901e-09,6.65035332e-05,305.095673,290.863434,0.372047812,295.86911
2023-03-26,1.7,1.38277771e-08,1.24723929e-05,310.221069,290.543427,0.37099573,297.532806
2023-03-27,0.0,1.26772912e-08,1.52622545e-06,307.47406,291.696503,0.369836926,296.66214
2023-03-28,0.0,1.31187621e-08,0.0,306.710297,289.661072,0.369462967,296.345032
2023-03-29,1.5,9.40911793e-09,2.70604269e-05,300.16803,286.441681,0.370958239,293.842072
2023-03-30,4.1,7.93731214e-09,7.05902494e-05,294.792419,286.62912,0.370612055,291.175934
2023-03-31,0.0,1.51899862e-08,1.95367576e-07,305.672729,288.921967,0.369477957,293.69162
2023-04-01,0.0,1.38366696e-08,0.0,306.489197,290.285583,0.368546695,295.022247
2023-04-02,0.0,1.42263135e-08,1.4062066e-09,308.973572,292.975433,0.367767125,296.770721
2023-04-03,0.0,1.56300892e-08,0.0,309.995361,295.353821,0.367102027,297.764923
2023-04-04,0.0,1.97217886e-08,0.0,314.590088,290.953888,0.366713047,299.839935
2023-04-05,2.1,1.31566233e-08,1.47231694e-05,307.913025,290.47818,0.366923422,297.474182
2023-04-06,0.0,1.41350363e-08,8.98762664e-06,308.557648,293.227295,0.36639151,297.238739
2023-04-07,0.0,1.7059552e-08,0.0,311.075836,292.210297,0.365896702,298.500519
2023-04-08,0.0,1.34253462e-08,0.0,308.74408,296.082642,0.365465075,297.885529
2023-04-09,0.0,1.66057745e-08,0.0,309.643524,295.430359,0.365146428,299.374176
2023-04-10,0.5,1.98452454e-08,6.46860644e-06,313.502655,290.028107,0.366369992,301.632721
2023-04-11,8.2,8.79405793e-09,4.76229434e-05,301.513916,287.625793,0.376429886,295.59201
2023-04-12,14.2,4.55580063e-09,0.00052260462,290.186859,288.816467,0.389781922,290.533569
2023-04-13,27.1,8.49888337e-09,0.000264025439,301.255127,290.682617,0.384928823,293.170288
2023-04-14,0.0,1.56908424e-08,0.0,310.805267,293.40506,0.380194575,296.973236
2023-04-15,0.0,1.58544573e-08,0.0,310.07428,294.840546,0.377024382,298.044769
2023-04-16,0.0,2.14301199e-08,0.0,315.157776,296.518524,0.374706268,300.922577
2023-04-17,0.0,2.23304273e-08,3.81433097e-07,315.744507,296.924561,0.372939676,302.332306
2023-04-18,0.0,2.48545522e-08,2.6864339e-07,317.847412,297.530487,0.371515721,303.890503
2023-04-19,0.0,2.57837645e-08,1.34692345e-06,318.440369,292.07309,0.370521337,303.947968
2023-04-20,0.1,1.5649265e-08,5.95521851e-06,309.264191,291.291626,0.369637132,300.23111
2023-04-21,0.0,1.79575768e-08,2.43537261e-08,312.189972,291.778229,0.368777305,299.925781
2023-04-22,0.0,1.69262879e-08,0.0,312.218658,292.575287,0.368045062,299.84079
2023-04-23,0.0,1.97720649e-08,0.0,314.33493,292.421356,0.367412567,301.048523
2023-04-24,0.0,1.98817602e-08,0.0,313.262207,292.01828,0.366862267,300.919525
2023-04-25,0.0,1.92097414e-08,0.0,313.294983,292.169678,0.366379768,300.947601
2023-04-26,0.0,2.0408093e-08,0.0,313.445221,293.468628,0.365951866,301.185028
2023-04-27,0.0,2.35652724e-08,0.0,315.081848,291.419556,0.366797209,302.215149
2023-04-28,6.4,1.46568189e-08,8.06922835e-05,308.600006,289.784515,0.371587187,299.057037
2023-04-29,24.8,1.35337066e-08,0.000181176132,307.575165,290.350616,0.375852466,297.398956
2023-04-30,0.7,1.48626969e-08,7.27091028e-05,308.550842,291.344177,0.374418139,297.867889
2023-05-01,0.0,1.79034725e-08,2.66135339e-06,312.742218,292.865143,0.372514725,299.466736
2023-05-02,0.0,1.77210548e-08,0.0,312.109039,294.861359,0.37102592,300.023315
2023-05-03,0.0,2.15629754e-08,0.0,315.080566,297.182831,0.369829446,301.746216
2023-05-04,0.0,2.76988477e-08,0.0,318.510498,298.222076,0.368845195,303.79068
2023-05-05,0.0,2.72303193e-08,4.94121133e-10,321.473083,293.710999,0.36821124,304.453156
2023-05-06,7.0,1.79802182e-08,1.29094333e-05,311.798584,292.815826,0.369072825,301.522552
2023-05-07,5.1,1.60315832e-08,4.86035169e-05,310.589844,292.555939,0.369311899,300.590271
2023-05-08,0.1,1.93956673e-08,1.25013757e-05,314.121155,293.316376,0.368426889,301.736847
2023-05-09,0.0,2.04206234e-08,1.53688511e-08,315.522278,294.795898,0.367646188,302.453827
2023-05-10,0.0,2.03072688e-08,0.0,315.56488,296.743866,0.366988569,302.674652
2023-05-11,0.0,2.36335165e-08,1.13741328e-06,316.334595,296.040619,0.366468996,303.830627
2023-05-12,0.0,2.39979983e-08,1.24717212e-06,318.890991,293.591217,0.36606887,304.460602
2023-05-13,0.0,1.64026304e-08,1.55163332e-06,311.705688,293.528961,0.365632564,301.427063
2023-05-14,0.0,2.05969588e-08,6.43916565e-08,316.14093,295.310516,0.365238547,302.827545
2023-05-15,0.0,1.9930809e-08,0.0,315.190247,299.180115,0.364885926,302.988495
2023-05-16,0.0,3.03605852e-08,0.0,320.959442,298.582245,0.364568233,305.976349
2023-05-17,0.0,2.71193414e-08,0.0,318.471252,294.624237,0.364296317,305.981598
2023-05-18,0.0,1.81457143e-08,8.29744693e-07,312.969757,293.553009,0.364153296,302.807404
2023-05-19,0.0,2.00402823e-08,2.57252145e-06,314.272095,293.803802,0.36407581,302.470825
2023-05-20,1.8,1.90347382e-08,7.31603905e-06,313.400574,294.58075,0.363990307,302.138763
2023-05-21,0.0,2.12941931e-08,1.28403514e-07,315.218445,297.630676,0.363757461,303.065948
2023-05-22,0.0,2.08116671e-08,1.21188725e-06,312.934601,295.040955,0.363653064,303.390594
2023-05-23,0.3,1.98421883e-08,1.94612562e-06,314.493896,296.463593,0.363452286,303.359283
2023-05-24,0.0,2.21510117e-08,0.0,315.519318,295.967682,0.363256305,303.708527
2023-05-25,0.0,2.41244447e-08,0.0,317.508759,296.21286,0.363075376,304.673615
2023-05-26,0.0,2.63308362e-08,0.0,318.78302,301.386108,0.362912804,305.342346
2023-05-27,0.4,2.84983912e-08,1.36072947e-06,318.513489,298.474518,0.362976104,306.112427
2023-05-28,0.2,2.73018816e-08,2.32166476e-05,318.890564,295.141083,0.363590926,307.029877
2023-05-29,0.0,2.10768558e-08,2.17653039e-07,316.107361,295.120514,0.363341451,304.954987
2023-05-30,0.0,2.46474894e-08,6.7370145e-08,318.365112,295.773254,0.363113135,305.61026
2023-05-31,0.0,2.62640558e-08,0.0,318.8797,299.263611,0.362937689,305.712708
2023-06-01,0.0,2.51673811e-08,1.54988982e-06,316.510223,302.634735,0.36280629,305.454071
2023-06-02,0.0,3.07010382e-08,2.60631691e-06,319.673798,297.240448,0.362707138,308.006958
2023-06-03,0.0,2.24142713e-08,1.10980551e-07,316.325073,295.423981,0.362546951,305.996246
2023-06-04,0.0,2.42910101e-08,1.51740281e-07,317.77356,295.353699,0.362387925,305.546722
2023-06-05,0.0,2.6609456e-08,0.0,318.872345,295.887238,0.362239957,305.98764
2023-06-06,0.0,2.73877436e-08,0.0,319.451263,297.316345,0.362102956,306.322327
2023-06-07,0.0,2.87777837e-08,0.0,320.460419,298.860352,0.361977786,307.286896
2023-06-08,0.0,2.43414018e-08,2.0011727e-10,317.719513,300.176636,0.361939341,306.182098
2023-06-09,0.0,2.71808371e-08,3.3252843e-06,319.603363,298.852814,0.36187771,307.183624
2023-06-10,0.0,3.03549434e-08,0.0,322.527374,297.021851,0.361760587,308.32785
2023-06-11,0.0,2.27213235e-08,9.45109857e-09,317.294342,296.855774,0.361654252,306.166473
2023-06-12,0.0,2.33240414e-08,7.4931128e-09,317.104584,297.109039,0.361560017,305.962067
2023-06-13,0.0,2.32838548e-08,1.56316176e-07,316.909668,297.436218,0.361462086,306.032928
2023-06-14,0.0,2.75221925e-08,0.0,320.057343,297.112457,0.361394018,307.250977
2023-06-15,0.0,2.4155959e-08,7.19246657e-07,318.075867,297.968018,0.361309141,306.645844
2023-06-16,0.0,2.65835798e-08,0.0,319.25885,299.499847,0.361247569,307.63028
2023-06-17,0.0,3.05119983e-08,5.74139676e-06,323.313354,297.349457,0.361620098,308.456268
2023-06-18,1.3,2.34930386e-08,8.19765683e-06,317.729401,297.185364,0.361803025,306.384399
2023-06-19,0.2,2.41834286e-08,8.64887534e-06,316.879669,297.408478,0.361849815,306.071014
2023-06-20,0.0,2.62971351e-08,2.38360758e-06,319.477356,298.014435,0.361683697,307.190216
2023-06-21,0.0,2.92116038e-08,0.0,321.311981,298.881866,0.36152336,308.305359
2023-06-22,0.0,3.17054045e-08,0.0,322.112061,299.926178,0.361377686,308.995575
2023-06-23,0.0,2.90627664e-08,0.0,320.117798,300.501953,0.361243635,308.241028
2023-06-24,0.0,3.37226815e-08,0.0,322.916718,300.463104,0.361118942,309.311798
2023-06-25,0.0,3.34083516e-08,0.0,322.416077,299.434875,0.361007452,309.554535
2023-06-26,0.0,2.64149023e-08,0.0,318.481598,298.948486,0.360906929,307.711212
2023-06-27,0.0,2.4802155e-08,0.0,318.043671,298.844208,0.360812783,307.204376
2023-06-28,0.0,2.71075322e-08,0.0,320.216003,298.829376,0.360723406,308.042755
2023-06-29,0.0,2.51065941e-08,0.0,319.395416,298.76059,0.3606399,307.877136
2023-06-30,0.0,2.68378795e-08,0.0,319.823639,299.363068,0.360558778,308.214996
2023-07-01,0.0,2.69785616e-08,0.0,320.596924,298.948212,0.360483289,308.735809
2023-07-02,0.0,2.61477755e-08,7.49310036e-09,319.895172,299.264069,0.36040926,308.40329
2023-07-03,0.0,2.96351246e-08,0.0,321.827606,300.515594,0.360335976,309.170807
2023-07-04,0.0,3.08683248e-08,0.0,322.464172,299.674988,0.360266954,309.774292
2023-07-05,0.0,2.93875786e-08,5.1048346e-08,322.292511,299.216858,0.36020577,309.662109
2023-07-06,0.0,2.62102962e-08,3.39535866e-08,319.83963,299.568085,0.360143989,308.486481
2023-07-07,0.0,2.52841605e-08,3.77000262e-08,319.49762,300.179047,0.360087037,308.100006
2023-07-08,0.0,2.50425511e-08,0.0,319.16571,300.427643,0.36003384,308.216949
2023-07-09,0.0,2.45220324e-08,3.41063725e-07,319.587311,300.673309,0.36000216,308.642975
2023-07-10,0.0,3.0997235e-08,3.83578936e-07,322.441467,301.620941,0.359940559,310.144501
2023-07-11,0.0,3.34691812e-08,0.0,322.829102,302.059357,0.359880298,310.238281
2023-07-12,0.0,3.34736576e-08,0.0,323.700653,302.717865,0.359820843,310.275482
2023-07-13,0.0,3.55960132e-08,0.0,324.430054,303.130035,0.359761685,310.839508
2023-07-14,0.0,3.74150275e-08,0.0,325.2565,303.076691,0.359705299,311.601379
2023-07-15,0.0,3.62647725e-08,0.0,325.244263,302.943268,0.359652013,312.028564
2023-07-16,0.0,3.61595411e-08,0.0,325.325714,302.832703,0.359600514,312.379974
2023-07-17,0.0,3.63532742e-08,0.0,325.697357,303.041412,0.359549314,312.499847
2023-07-18,0.0,3.67428612e-08,0.0,324.847839,302.122986,0.359499812,312.158478
2023-07-19,0.0,3.40458648e-08,0.0,323.819794,302.038086,0.359453589,311.623169
2023-07-20,0.0,3.2800223e-08,0.0,323.121979,302.096649,0.359407812,311.108337
2023-07-21,0.0,3.32644206e-08,0.0,323.573029,302.036804,0.359363943,311.153015
2023-07-22,0.0,3.11901864e-08,0.0,322.740692,302.6409,0.359320015,311.014221
2023-07-23,0.0,3.45090605e-08,0.0,325.640289,303.551392,0.359276146,312.315186
2023-07-24,0.0,3.22845786e-08,0.0,323.29776,303.455902,0.359233886,311.783295
2023-07-25,0.0,3.40867317e-08,0.0,324.42749,303.96936,0.359189004,312.361481
2023-07-26,0.0,3.77226854e-08,0.0,326.254211,303.713165,0.359144121,313.059357
2023-07-27,0.0,3.64257637e-08,0.0,324.888336,303.246613,0.359101444,312.574371
2023-07-28,0.0,3.55196228e-08,0.0,324.612976,302.109222,0.359062165,312.196564
2023-07-29,0.0,2.78546981e-08,0.0,321.604034,301.433685,0.359025389,310.574768
2023-07-30,0.0,2.81146466e-08,0.0,321.132172,301.444977,0.358988792,309.929779
2023-07-31,0.0,2.95191089e-08,0.0,322.102905,301.930176,0.358949542,310.622589
2023-08-01,0.0,3.32441168e-08,0.0,324.632782,301.71402,0.358909935,311.797882
2023-08-02,0.0,3.13985602e-08,0.0,322.994263,301.272369,0.358871132,311.154266
2023-08-03,0.0,3.22002158e-08,0.0,323.265015,301.981659,0.358833402,310.975433
2023-08-04,0.0,2.99535294e-08,0.0,321.84375,302.384155,0.358798027,310.518158
2023-08-05,0.0,2.73519714e-08,0.0,320.541565,302.381104,0.358763695,309.942291
2023-08-06,0.0,3.03825516e-08,0.0,321.050507,302.184845,0.358726054,309.888611
2023-08-07,0.0,3.28469767e-08,5.10459977e-08,323.49173,301.036285,0.358743191,310.882355
2023-08-08,0.0,2.92106588e-08,1.38955784e-06,321.552307,301.161804,0.358710438,310.294891
2023-08-09,0.0,3.15209441e-08,4.66462176e-08,322.504669,301.213409,0.358696133,310.606323
2023-08-10,0.0,3.17002815e-08,7.92004414e-07,323.129608,301.277771,0.358667761,311.130096
2023-08-11,0.0,3.08598302e-08,2.71365792e-07,323.430634,302.29541,0.358627588,310.919281
2023-08-12,0.0,2.6883308e-08,9.38886122e-11,321.622131,304.512054,0.358638912,310.354279
2023-08-13,0.0,3.03833225e-08,3.15996499e-06,324.192474,302.669159,0.358673692,311.727631
2023-08-14,0.0,2.75939485e-08,2.84476425e-08,323.039978,301.568237,0.358635187,311.299774
2023-08-15,0.0,2.71020468e-08,1.70653436e-06,322.155182,301.528229,0.358645916,310.630798
2023-08-16,0.0,2.75754388e-08,2.21615878e-07,321.823486,301.565521,0.358602166,310.561127
2023-08-17,0.0,2.8757853e-08,1.35822049e-07,322.81012,301.518341,0.35855177,310.726105
2023-08-18,0.0,2.80438783e-08,5.64418713e-07,322.609406,301.457855,0.358563781,310.701202
2023-08-19,0.0,2.92238287e-08,1.70450119e-06,322.6185,301.402618,0.35860014,311.022736
2023-08-20,0.0,3.14799884e-08,1.72712259e-06,322.870544,301.005524,0.35853982,311.154266
2023-08-21,0.0,3.2398745e-08,2.59149733e-08,323.275726,301.164215,0.358479381,310.898315
2023-08-22,0.0,3.16816759e-08,0.0,323.31604,301.353058,0.358423352,311.041046
2023-08-23,0.0,3.10717745e-08,6.59084492e-07,323.37207,301.086517,0.358405709,310.971802
2023-08-24,0.0,3.0272961e-08,2.87412661e-07,322.616058,301.323914,0.358352304,310.796783
2023-08-25,0.0,2.81555419e-08,6.79024126e-08,321.658691,301.481171,0.358304173,310.247772
2023-08-26,0.0,2.52742396e-08,1.09581855e-07,320.686218,301.405029,0.3582699,309.607269
2023-08-27,0.0,2.53677204e-08,6.38791505e-07,319.67215,301.559326,0.35885191,309.088409
2023-08-28,5.6,2.58327955e-08,4.20963515e-05,318.955994,301.729218,0.359909177,308.891754
2023-08-29,1.9,2.43693048e-08,1.4384492e-06,318.633392,301.546051,0.359685183,308.6987
2023-08-30,0.0,2.52190819e-08,0.0,319.960632,301.455078,0.359478265,309.070831
2023-08-31,0.0,2.79551582e-08,0.0,321.809113,301.172516,0.359293073,309.789459
2023-09-01,0.0,2.83243029e-08,0.0,321.880737,300.398285,0.359128445,309.887604
2023-09-02,0.0,2.65205955e-08,0.0,320.374634,300.800873,0.358980805,308.96048
2023-09-03,0.0,2.71659104e-08,0.0,320.15155,300.787933,0.358846158,308.726562
2023-09-04,0.0,2.97741014e-08,1.75770953e-09,322.16272,301.245636,0.358722299,309.546967
2023-09-05,0.0,3.02884331e-08,0.0,322.738098,302.260895,0.358609945,310.154999
2023-09-06,0.0,3.0076496e-08,0.0,321.344788,301.808105,0.358505249,309.426117
2023-09-07,0.0,3.27981731e-08,0.0,322.568939,303.558746,0.358406156,309.852264
2023-09-08,0.0,3.32050618e-08,0.0,322.262878,301.586395,0.358326674,309.991455
2023-09-09,0.0,2.32189787e-08,1.34895981e-06,318.287201,301.096832,0.358368129,308.511078
2023-09-10,0.0,2.61220947e-08,3.15212151e-06,319.862579,301.804352,0.358341485,308.686768
2023-09-11,0.2,2.86069106e-08,0.0,320.063232,302.611908,0.358253926,309.154083
2023-09-12,0.0,2.6946239e-08,0.0,319.609039,301.4263,0.358175129,308.897797
2023-09-13,0.0,2.57037858e-08,4.80232387e-09,318.73822,301.404388,0.358100176,307.490601
2023-09-14,0.0,3.15107229e-08,0.0,320.772736,301.06955,0.358029127,308.306519
2023-09-15,0.0,3.0505408e-08,0.0,320.644745,300.701935,0.357964307,308.314392
2023-09-16,0.0,2.96548013e-08,0.0,320.243164,300.743591,0.357903391,308.072906
2023-09-17,0.0,2.90666566e-08,0.0,320.186005,300.683258,0.357848525,308.196625
2023-09-18,0.0,2.6202045e-08,0.0,319.553314,300.263336,0.357800871,308.059509
2023-09-19,0.0,2.38307223e-08,6.02106354e-07,318.587982,299.908173,0.357782096,307.837402
2023-09-20,0.0,2.58066475e-08,1.83133395e-07,319.505524,300.222382,0.357734084,308.099548
2023-09-21,0.0,2.47471093e-08,0.0,318.996246,300.830933,0.357688785,307.689941
2023-09-22,0.0,2.28586092e-08,0.0,319.427826,301.488464,0.357644826,307.744232
2023-09-23,0.0,2.48781404e-08,0.0,319.871826,301.1633,0.357601672,308.040192
2023-09-24,0.0,2.61818709e-08,0.0,319.972809,301.00235,0.357561111,308.257477
2023-09-25,0.0,2.37204034e-08,0.0,318.805756,300.475433,0.357523918,307.727386
2023-09-26,0.0,2.21349179e-08,0.0,317.902588,300.012665,0.357487887,307.205414
2023-09-27,0.0,2.31673951e-08,0.0,318.690063,301.696869,0.357451767,307.05011
2023-09-28,0.0,2.35185098e-08,0.0,318.157715,301.889618,0.35741508,307.014801
2023-09-29,0.0,2.74367267e-08,0.0,319.96283,300.219086,0.357422024,307.914978
2023-09-30,0.0,2.234618e-08,6.95494236e-06,316.994904,298.780304,0.35854876,306.696045
2023-10-01,1.3,1.5641632e-08,4.62441931e-05,310.490051,298.640778,0.360772222,303.950104
2023-10-02,1.2,1.63422715e-08,5.59239452e-05,310.836304,298.758759,0.361397356,303.352142
2023-10-03,3.9,1.94508267e-08,5.5999426e-06,313.882202,299.011993,0.361154348,304.303802
2023-10-04,0.0,2.07147632e-08,4.16404919e-06,315.252197,299.836029,0.360711008,304.792633
2023-10-05,0.0,1.96890166e-08,6.79219738e-08,314.432373,299.580261,0.360317498,304.59967
2023-10-06,0.0,2.17215668e-08,0.0,316.409637,299.140747,0.359973639,305.431396
2023-10-07,0.0,1.9368974e-08,5.78668669e-08,315.581696,298.95694,0.359680384,305.218079
2023-10-08,0.0,1.73417245e-08,2.0202134e-07,313.481781,298.955688,0.359413654,304.919464
2023-10-09,0.1,2.10155928e-08,0.0,316.36496,298.53891,0.359406114,305.49527
2023-10-10,3.8,1.863412e-08,1.33384137e-05,314.295135,298.338348,0.359622806,304.77771
2023-10-11,0.4,1.89859417e-08,3.92638412e-06,313.741272,298.385101,0.359403133,304.199188
2023-10-12,0.0,1.99368415e-08,1.29514785e-06,315.064911,298.39798,0.359196395,304.819397
2023-10-13,0.0,2.01155057e-08,3.40600337e-07,315.416901,298.355316,0.359264493,304.851715
2023-10-14,0.0,1.90893505e-08,7.09146116e-05,314.63504,296.45694,0.369035393,304.540833
2023-10-15,10.5,1.63127272e-08,0.00031721461,311.044739,296.867462,0.376192689,302.636963
2023-10-16,16.9,1.69960845e-08,0.000126871091,311.569214,297.602325,0.373720884,302.412415
2023-10-17,0.4,1.82669044e-08,4.9755505e-07,313.354584,297.441254,0.371459335,303.173462
2023-10-18,2.6,1.6534818e-08,2.07463981e-05,311.778107,297.561005,0.370726824,302.507843
2023-10-19,2.7,1.56501425e-08,3.35028781e-05,311.064331,297.680634,0.369349986,302.197601
2023-10-20,0.9,1.68768874e-08,1.65381016e-06,311.961334,299.043152,0.36779964,302.594635
2023-10-21,0.0,1.64575287e-08,0.0,312.093933,301.043884,0.366517782,302.735992
2023-10-22,0.0,1.90841263e-08,0.0,314.182709,301.032074,0.365455031,303.643219
2023-10-23,0.0,2.17792806e-08,0.0,315.213043,300.27597,0.364560038,304.331268
2023-10-24,0.0,1.89302902e-08,0.0,314.222778,301.087616,0.363797665,303.953217
2023-10-25,0.0,2.13845599e-08,0.0,315.337006,302.404358,0.363139033,304.330322
2023-10-26,0.0,2.22742642e-08,0.0,314.502258,301.664978,0.362568408,304.401123
2023-10-27,0.0,1.7145636e-08,4.65885153e-09,310.659058,300.693207,0.362070233,303.067108
2023-10-28,0.0,1.81501019e-08,1.87757851e-10,313.633514,300.751465,0.361631423,303.767273
2023-10-29,0.0,1.85188309e-08,2.55179056e-09,313.253937,300.559906,0.361242861,304.167816
2023-10-30,0.0,1.52035913e-08,0.0,309.643646,300.784943,0.360896975,302.862274
2023-10-31,3.6,1.68839449e-08,4.61369289e-08,310.535309,300.585876,0.360588193,303.256561
2023-11-01,0.2,1.45433603e-08,1.52063651e-09,306.809021,298.52121,0.360309869,301.830719
2023-11-02,0.0,1.63627885e-08,0.0,312.286682,297.519806,0.360058188,302.555939
2023-11-03,0.0,1.53489115e-08,1.33460576e-08,311.734619,298.055756,0.359831363,302.249542
2023-11-04,0.0,1.44898316e-08,0.0,310.977966,298.607452,0.359625369,301.57196
2023-11-05,0.0,1.46989647e-08,0.0,310.898682,298.453339,0.359435707,301.376282
2023-11-06,0.0,1.65603726e-08,0.0,311.747925,297.788879,0.359262675,301.636139
2023-11-07,0.0,1.46896406e-08,0.0,311.608948,296.875366,0.359106541,301.612701
2023-11-08,0.0,1.40604106e-08,0.0,311.013092,296.556122,0.358963102,301.296356
2023-11-09,0.0,1.31945503e-08,1.12118677e-07,309.789978,296.446045,0.358845919,300.934357
2023-11-10,0.0,1.38549758e-08,3.23419471e-07,310.511871,297.50235,0.358724713,301.121002
2023-11-11,0.0,1.28674627e-08,0.0,307.81955,299.217133,0.358638555,300.036377
2023-11-12,0.0,1.26892177e-08,1.09765006e-06,305.366241,298.491486,0.358603269,299.702209
2023-11-13,0.5,1.53224242e-08,2.67859627e-06,309.423096,296.190155,0.359693199,301.005035
2023-11-14,8.4,1.33214231e-08,5.89083538e-05,308.615204,295.683258,0.361004949,300.6427
2023-11-15,2.4,1.3886976e-08,7.33627667e-06,308.812103,296.125946,0.360757321,299.921265
2023-11-16,1.0,1.17851728e-08,1.26015611e-05,307.046448,296.516205,0.361191541,299.229645
2023-11-17,3.1,1.09890728e-08,1.9646548e-05,306.975555,296.304779,0.361752659,299.335266
2023-11-18,3.1,1.1224345e-08,3.65981359e-05,307.290619,291.653473,0.37863946,299.172302
2023-11-19,87.1,6.43608056e-09,0.000762796903,295.915894,292.021332,0.386665821,294.738617
2023-11-20,5.9,1.0643979e-08,4.24682657e-05,300.612762,292.906433,0.380381078,294.984833
2023-11-21,0.0,1.28807862e-08,5.87909332e-10,304.192261,294.120392,0.37628448,295.568298
2023-11-22,0.0,1.2470128e-08,0.0,301.690735,295.21347,0.37340197,294.963531
2023-11-23,0.0,1.30022428e-08,0.0,306.185516,294.889374,0.371228576,296.773895
2023-11-24,0.0,1.18287415e-08,0.0,306.090912,296.507385,0.369519383,296.961639
2023-11-25,0.0,1.10142073e-08,5.97577454e-08,300.599274,294.854767,0.370178819,295.904266
2023-11-26,5.8,9.64300728e-09,0.000146936669,302.363922,291.470551,0.377333999,296.390503
2023-11-27,58.8,8.2900673e-09,0.000188863327,296.696167,290.657959,0.376815706,293.998688
2023-11-28,0.6,1.025077e-08,2.06306631e-05,300.970581,292.358246,0.373932928,293.987946
2023-11-29,0.0,1.06354756e-08,0.0,302.46637,293.421478,0.3716923,294.26004
2023-11-30,0.0,8.96860453e-09,0.0,300.360931,293.343628,0.369952291,294.1586
2023-12-01,0.0,9.2818615e-09,0.0,302.956787,293.995697,0.368553162,294.60965
2023-12-02,0.0,9.63114921e-09,0.0,303.376038,295.352936,0.36740008,294.918762
2023-12-03,0.0,1.06229843e-08,0.0,303.828003,297.259735,0.366431862,295.504181
2023-12-04,0.0,1.18097701e-08,0.0,305.929535,296.334839,0.36583519,296.667603
2023-12-05,1.4,9.75512382e-09,2.47507051e-05,303.839325,293.383545,0.36777544,296.848358
2023-12-06,23.4,8.51305604e-09,9.7867829e-05,302.162933,293.274475,0.370627373,295.720612
2023-12-07,1.9,6.89559698e-09,0.000102345919,298.928436,293.67923,0.371187299,294.635834
2023-12-08,1.3,8.06584399e-09,4.82687792e-05,300.98938,291.924744,0.375867993,294.856903
2023-12-09,13.9,7.93207899e-09,0.000173090622,299.403442,293.110535,0.374971509,294.421234
2023-12-10,0.0,9.28161281e-09,4.23029491e-07,302.404907,293.984283,0.372480392,294.668579
2023-12-11,0.4,9.78057901e-09,2.77403611e-08,302.866028,292.284302,0.371433377,294.554718
2023-12-12,0.0,8.8744434e-09,4.27450323e-05,302.680054,291.213104,0.372668892,294.372284
2023-12-13,6.3,9.04422315e-09,6.74549447e-05,301.586578,292.329315,0.371268183,294.143494
2023-12-14,0.0,8.66981242e-09,5.80861981e-09,301.55658,293.433838,0.369648963,293.705719
2023-12-15,0.0,9.38436973e-09,0.0,303.234131,294.217743,0.368347555,294.480865
2023-12-16,0.0,9.72687975e-09,0.0,301.850189,293.509033,0.367275625,294.229187
2023-12-17,0.0,9.02931152e-09,3.7697621e-08,301.993591,292.191772,0.366386414,293.870453
2023-12-18,0.0,8.85875284e-09,2.22509698e-07,302.099457,291.297668,0.365622282,293.74884
2023-12-19,0.0,1.0060198e-08,0.0,301.337189,292.086243,0.364962578,293.085938
2023-12-20,0.0,1.082753e-08,0.0,301.421204,293.026672,0.364616185,293.060211
2023-12-21,1.8,9.78253478e-09,6.15106255e-05,297.117188,290.882904,0.378060013,292.635559
2023-12-22,64.3,4.16846602e-09,0.000600528088,295.807556,291.733429,0.392541379,291.948883
2023-12-23,47.6,6.14732842e-09,0.00038227078,299.062073,291.980804,0.388867617,293.187286
2023-12-24,1.6,8.25711499e-09,1.51030981e-05,300.566711,291.766754,0.382575244,293.561066
2023-12-25,0.0,7.84901122e-09,4.72892253e-07,301.170013,292.378174,0.378481776,293.384247
2023-12-26,0.0,8.77614159e-09,0.0,301.156586,293.164581,0.375609159,292.982697
2023-12-27,0.0,7.61938068e-09,1.32025468e-06,299.090515,292.582123,0.373559952,293.06311
2023-12-28,0.0,7.59964802e-09,2.56293629e-06,302.566528,291.906799,0.371826172,294.261292
2023-12-29,0.0,7.90341925e-09,0.0,301.819275,292.044342,0.370424002,293.684723
2023-12-30,0.0,8.77950779e-09,9.61629851e-08,302.191498,291.919708,0.369263023,293.462189
2023-12-31,0.0,7.94056465e-09,4.00150996e-10,299.638519,291.779449,0.368287832,292.688507
2024-01-01,0.0,8.95512553e-09,0.0,301.281128,291.806915,0.367746264,293.003143
2024-01-02,1.2,8.45213854e-09,1.85794124e-05,301.344788,291.506134,0.367998749,293.552521
2024-01-03,2.3,7.56736984e-09,2.10732414e-05,300.571198,291.621979,0.368550301,293.069427
2024-01-04,0.5,7.46000683e-09,5.03471783e-05,299.803406,291.507141,0.371041805,292.945251
2024-01-05,6.8,5.60709834e-09,0.000111469592,298.323273,291.957153,0.371465653,292.85434
2024-01-06,0.0,7.61327978e-09,1.8468883e-07,302.368103,293.573639,0.36997959,293.43573
2024-01-07,0.0,9.57606705e-09,0.0,302.137634,293.507965,0.368788362,293.66394
2024-01-08,0.0,7.39378292e-09,0.0,299.690155,291.862152,0.368340701,293.1604
2024-01-09,1.2,7.51032569e-09,4.25657236e-05,300.435181,289.975433,0.371836185,293.021667
2024-01-10,28.1,7.14687021e-09,0.00025820508,297.878601,288.691315,0.382110387,292.470367
2024-01-11,30.3,5.92487304e-09,0.000247613556,297.714203,289.413605,0.389271379,291.294495
2024-01-12,52.6,4.54024418e-09,0.000511362276,293.117706,289.005402,0.398059636,290.541168
2024-01-13,61.2,3.72168496e-09,0.000445149519,290.742981,288.787811,0.399074465,290.005096
2024-01-14,7.4,6.75800083e-09,0.000209315389,297.915375,289.486664,0.391446561,291.221466
2024-01-15,0.7,7.33106909e-09,4.49881045e-05,296.634552,289.968933,0.385577202,291.125519
2024-01-16,0.5,6.94278279e-09,1.35490091e-05,297.368958,290.378571,0.381705374,290.90976
2024-01-17,0.0,7.23704874e-09,1.20413561e-05,296.723755,290.805908,0.378795266,291.135803
2024-01-18,0.0,7.37278905e-09,1.23026247e-08,300.165314,290.969696,0.376410246,291.96582
2024-01-19,0.0,8.37033198e-09,4.84188547e-07,301.752502,291.713043,0.374544472,292.714478
2024-01-20,0.0,9.41629086e-09,0.0,302.505157,293.227081,0.373046786,293.221893
2024-01-21,0.7,9.31874489e-09,0.0,301.230774,293.138306,0.371916413,293.272034
2024-01-22,0.0,9.83253745e-09,2.0707259e-05,303.847229,289.931244,0.376519889,294.330963
2024-01-23,46.8,5.17994359e-09,0.000289574469,294.934082,288.974854,0.384468704,291.694061
2024-01-24,7.7,6.46811182e-09,0.000172203931,298.03653,288.945374,0.384914547,291.431366
2024-01-25,2.5,6.47763798e-09,0.000133868467,298.065948,287.327545,0.391950697,291.506439
2024-01-26,28.4,3.818589e-09,0.000504844415,290.241211,286.964081,0.39460054,288.858429
2024-01-27,4.0,6.96863589e-09,0.000114815688,295.309448,286.718506,0.389020115,288.830017
2024-01-28,1.3,6.05810913e-09,7.99536429e-05,294.807739,286.749847,0.386674404,288.894501
2024-01-29,12.3,7.08711712e-09,9.23613043e-05,297.736938,285.771393,0.391059607,289.809235
2024-01-30,14.1,4.97769337e-09,0.000381148508,292.718842,285.854218,0.392603368,288.695282
2024-01-31,0.7,6.02029315e-09,0.00011839989,296.44043,285.480621,0.391020387,289.073883
2024-02-01,1.1,5.20539523e-09,0.000226333723,293.328827,286.654572,0.389579326,287.845612
2024-02-02,1.8,5.94299543e-09,5.4957356e-05,296.610382,287.762268,0.387978554,288.714905
2024-02-03,7.0,5.2776552e-09,0.000152381181,295.655914,288.343964,0.390636683,289.046387
2024-02-04,1.2,6.41538733e-09,0.000219813359,297.118408,288.510406,0.389386058,290.180756
2024-02-05,12.7,4.03463218e-09,0.000124164915,290.489777,289.729309,0.386631578,288.553711
2024-02-06,0.1,7.18609483e-09,2.33921128e-06,300.716095,290.008759,0.382497221,291.160065
2024-02-07,0.0,6.59277744e-09,2.50883062e-07,301.15509,290.694214,0.379648834,291.723389
2024-02-08,0.0,7.91629517e-09,0.0,301.229126,289.938354,0.377983809,292.065033
2024-02-09,0.9,7.69103892e-09,2.39846322e-05,302.365509,289.516388,0.376822442,292.543365
2024-02-10,0.0,8.86643381e-09,4.32202933e-06,303.354034,290.345612,0.375292867,292.807709
2024-02-11,0.0,9.61639213e-09,0.0,303.508148,292.553864,0.374044925,293.17923
2024-02-12,0.0,1.06694484e-08,0.0,301.793945,293.529449,0.373014539,293.324341
2024-02-13,0.0,1.05352838e-08,0.0,302.344879,289.478119,0.374876529,294.16983
2024-02-14,2.1,6.99799729e-09,0.000114739327,298.440979,289.341797,0.376169115,292.305023
2024-02-15,7.0,8.24860535e-09,5.83117107e-05,299.840942,288.189636,0.379493147,291.809235
2024-02-16,9.8,5.60183233e-09,0.000240716094,295.424896,288.134705,0.385296255,289.911102
2024-02-17,1.6,4.97997865e-09,0.000132869638,295.690338,288.549957,0.384808928,290.279816
2024-02-18,9.0,7.19179072e-09,9.40526952e-05,300.701233,287.859192,0.385608643,291.37735
2024-02-19,4.6,9.37358191e-09,0.000124898841,303.073975,288.798248,0.382861048,292.659332
2024-02-20,0.0,9.53499946e-09,1.88064241e-05,303.107635,289.207275,0.380136281,292.901276
2024-02-21,0.0,1.0218268e-08,1.12674911e-06,304.237457,289.508636,0.377739996,293.421875
2024-02-22,0.0,9.34768885e-09,8.41890255e-08,304.107697,290.087341,0.37592864,293.534637
2024-02-23,0.0,7.5469524e-09,0.0,299.746887,290.396362,0.374954849,292.771851
2024-02-24,0.0,8.94909391e-09,1.81955147e-05,301.310089,289.979156,0.373958617,293.612305
2024-02-25,0.0,1.14976073e-08,0.0,305.841492,290.641357,0.372885555,294.318848
2024-02-26,0.2,1.16032899e-08,7.73834046e-08,305.428436,291.030121,0.372161001,294.436707
2024-02-27,0.0,1.20075621e-08,7.02233183e-06,303.633545,290.627228,0.371489048,294.456909
2024-02-28,0.0,1.35042866e-08,0.0,305.764923,290.608887,0.370799154,294.594391
2024-02-29,0.0,1.54890767e-08,0.0,306.324188,291.288361,0.370204568,294.541595
2024-03-01,0.0,1.56278634e-08,0.0,306.134216,292.173462,0.369876117,294.77597
2024-03-02,0.7,1.33602747e-08,4.49707295e-05,308.744781,289.451508,0.374756843,295.628723
2024-03-03,31.7,1.04969784e-08,0.000126411629,304.879608,289.448456,0.374759048,294.757782
2024-03-04,5.4,1.05440598e-08,1.10811079e-05,304.656799,290.136475,0.373402089,294.451508
2024-03-05,0.0,1.27063409e-08,3.51569529e-09,307.17038,289.960876,0.373617619,295.39267
2024-03-06,6.7,9.80779902e-09,9.8715449e-05,303.540222,289.91629,0.376030177,294.244629
2024-03-07,1.6,1.05458264e-08,4.39378018e-05,303.90097,289.532776,0.375049472,294.347504
2024-03-08,2.2,1.10920553e-08,2.13784024e-05,304.80127,289.230591,0.374695897,294.354156
2024-03-09,4.8,1.11828662e-08,2.08876354e-05,304.792786,289.365814,0.373469472,294.198242
2024-03-10,0.0,1.22887167e-08,2.73405226e-06,305.769104,289.668365,0.372347951,294.675873
2024-03-11,0.0,1.32902001e-08,2.75734209e-08,307.336365,292.117157,0.371369213,295.068817
2024-03-12,0.0,1.43235992e-08,0.0,307.43457,293.151398,0.370557398,295.646271
2024-03-13,0.0,1.40641605e-08,0.0,308.44165,290.665253,0.369982392,296.576385
2024-03-14,0.0,1.16436363e-08,7.8184903e-06,305.985443,289.674896,0.370624095,296.006836
2024-03-15,5.0,1.14438246e-08,4.82892247e-05,305.09491,290.152374,0.370883077,295.321136
2024-03-16,0.0,1.30412987e-08,3.75808577e-06,306.627075,291.362396,0.370106727,295.838898
2024-03-17,0.3,1.01973612e-08,2.33949982e-06,303.859985,290.693298,0.370834619,295.019012
2024-03-18,3.2,7.63683605e-09,0.00014042556,300.324188,288.997375,0.379194111,294.273834
2024-03-19,9.7,8.32762037e-09,0.000252644793,301.718445,289.497864,0.385888189,293.474976
2024-03-20,24.3,8.80339623e-09,0.000207353281,303.318634,290.460419,0.383762091,293.913239
2024-03-21,9.6,9.35394251e-09,4.9943581e-05,301.459961,289.128326,0.383830518,294.102997
2024-03-22,4.0,1.10124141e-08,0.000114184098,303.60025,289.118195,0.381850958,294.369385
2024-03-23,0.2,1.32369244e-08,1.1821784e-05,306.19516,289.52948,0.379011065,295.363495
2024-03-24,0.1,1.24971349e-08,3.8131675e-05,305.777832,289.802826,0.37850675,295.288361
2024-03-25,0.3,1.18097168e-08,2.67850191e-05,305.219513,291.109161,0.376595289,295.112946
2024-03-26,0.0,9.72781589e-09,6.31811872e-07,301.979523,293.124512,0.37481761,294.400269
2024-03-27,0.0,1.26697328e-08,0.0,307.467957,295.254608,0.373416185,296.017151
2024-03-28,0.0,1.82907574e-08,0.0,312.461426,295.082184,0.372280985,299.067139
2024-03-29,0.0,1.54203352e-08,0.0,309.925598,295.363678,0.371345729,298.854218
2024-03-30,0.0,2.00932533e-08,2.33273866e-07,314.872009,296.496552,0.370556593,301.174683
2024-03-31,0.0,2.28584529e-08,0.0,316.668304,296.620361,0.369877189,302.428284
2024-04-01,0.0,2.2199897e-08,0.0,315.07959,296.510284,0.369290352,302.024872
2024-04-02,0.0,2.18703224e-08,0.0,314.851318,296.184784,0.368778735,302.088104
2024-04-03,0.0,2.40826381e-08,0.0,316.803955,294.664825,0.368329436,303.030518
2024-04-04,0.0,1.84854532e-08,0.0,312.083557,293.164978,0.367934108,301.094635
2024-04-05,0.0,1.59108122e-08,3.24807523e-08,311.240112,291.879547,0.367605805,299.921356
2024-04-06,0.0,1.53444226e-08,3.34932247e-06,310.301544,292.179382,0.368172139,299.191681
2024-04-07,0.0,1.37836578e-08,3.4032244e-05,307.931,292.181396,0.369583517,298.452789
2024-04-08,11.9,1.75002324e-08,7.18190058e-05,312.042572,291.783203,0.371988654,299.780945
2024-04-09,11.1,1.48552859e-08,8.69960713e-05,310.007019,291.761353,0.373400331,298.699036
2024-04-10,2.4,1.42032581e-08,3.59536753e-05,308.004913,292.463013,0.372725695,298.239197
2024-04-11,2.0,1.46906087e-08,9.4789624e-07,310.215546,292.664398,0.371483713,299.370636
2024-04-12,0.0,1.78984418e-08,0.0,314.048645,293.269928,0.370471478,300.852386
2024-04-13,0.0,1.85580848e-08,0.0,314.413666,293.3302,0.369925112,301.51001
2024-04-14,0.9,1.67989906e-08,9.43139639e-06,312.127563,294.291046,0.369294524,301.113983
2024-04-15,0.0,1.92514822e-08,9.23546168e-07,313.924561,295.841949,0.368646026,301.733795
2024-04-16,0.0,2.27646861e-08,0.0,316.805725,298.480927,0.368083209,303.07724
2024-04-17,0.0,2.83126536e-08,0.0,319.521606,295.538696,0.367600948,305.144653
2024-04-18,0.0,1.69648064e-08,1.31253117e-07,311.396301,292.999634,0.367227465,302.248901
2024-04-19,0.0,1.78331003e-08,1.29818648e-06,313.876007,292.998749,0.366864711,301.717194
2024-04-20,0.0,1.87495015e-08,8.57709903e-09,313.991547,292.873413,0.366782397,301.756622
2024-04-21,0.8,2.08028528e-08,6.80817948e-06,314.590302,293.60376,0.366461307,302.086823
2024-04-22,0.0,2.08031299e-08,0.0,314.794617,296.413879,0.366156429,301.829559
2024-04-23,0.0,2.1709333e-08,0.0,315.05661,300.927124,0.365878254,302.703949
2024-04-24,0.0,3.18312949e-08,0.0,321.625946,303.082001,0.365623564,306.128937
2024-04-25,0.0,3.32043051e-08,0.0,320.609039,295.719452,0.365400791,307.17923
2024-04-26,0.0,1.45800136e-08,5.47103518e-08,309.487213,295.395233,0.365205854,302.379791
2024-04-27,0.1,1.32561047e-08,3.74709197e-09,308.903595,294.992767,0.365058988,300.875153
2024-04-28,0.1,1.27425759e-08,1.45131025e-06,307.672089,295.434296,0.365699619,300.998169
2024-04-29,0.0,1.5950226e-08,4.26178558e-05,312.587341,294.157288,0.367185563,301.923859
2024-04-30,0.0,9.84015269e-09,3.10912583e-05,306.345978,294.655121,0.367150992,299.326691
2024-05-01,0.4,1.74124928e-08,3.09742904e-06,313.997528,294.78775,0.366753429,302.256653
2024-05-02,0.5,1.68369461e-08,2.1664498e-06,313.298737,294.512787,0.366471499,302.156372
2024-05-03,0.0,1.37825031e-08,4.968947e-06,310.384735,294.285248,0.366197914,300.40741
2024-05-04,0.0,1.54651634e-08,4.46973581e-06,310.815002,292.274689,0.367184401,300.604523
2024-05-05,31.5,1.40930423e-08,0.000115654017,308.780579,292.083069,0.371732801,298.876434
2024-05-06,2.7,1.74193797e-08,7.13198315e-05,311.138519,293.397858,0.371515423,299.891693
2024-05-07,0.3,2.06031121e-08,4.67671134e-06,313.561066,294.222015,0.370248199,301.198212
2024-05-08,0.0,2.2224393e-08,0.0,315.788269,297.994904,0.369207829,302.267853
2024-05-09,0.0,2.58337973e-08,0.0,317.18338,300.608368,0.368350834,303.990784
2024-05-10,0.0,3.00361691e-08,0.0,318.981506,295.401459,0.367638856,306.14859
2024-05-11,0.0,2.11427462e-08,7.04590491e-07,315.683167,293.515656,0.367982537,304.044891
2024-05-12,4.0,1.79087696e-08,8.91004674e-05,312.869934,293.364471,0.371641189,301.966949
2024-05-13,49.9,1.46263304e-08,5.62854293e-05,306.713806,293.99649,0.37083891,299.951782
2024-05-14,0.0,1.93772021e-08,2.07036783e-06,312.889587,294.188751,0.369681239,301.701172
2024-05-15,0.0,2.05058459e-08,2.12879129e-07,314.811829,294.781403,0.368733972,302.745209
2024-05-16,0.0,2.47611052e-08,0.0,317.240845,296.154755,0.36794281,304.131317
2024-05-17,0.0,2.537932e-08,0.0,317.973755,297.56189,0.367274672,304.817474
2024-05-18,0.0,2.92137159e-08,0.0,320.076569,297.939209,0.366701931,306.374542
2024-05-19,0.0,2.91564461e-08,0.0,319.188354,298.170074,0.366207868,306.478027
2024-05-20,0.0,2.70303016e-08,0.0,319.160339,297.196503,0.365781695,306.617767
2024-05-21,0.0,2.2534179e-08,0.0,317.379761,298.333344,0.36540699,305.923157
2024-05-22,0.0,2.64139448e-08,0.0,319.254669,298.609741,0.365073472,306.964447
2024-05-23,0.0,2.42531542e-08,0.0,317.837585,296.298035,0.364913076,306.471527
2024-05-24,0.6,1.91135303e-08,2.07715111e-05,313.578156,296.148285,0.365392089,303.839325
2024-05-25,1.9,1.98866132e-08,1.54277348e-06,313.955811,296.102203,0.365035921,303.706207
2024-05-26,0.0,2.16452047e-08,0.0,315.945496,298.305206,0.364728481,304.508972
2024-05-27,0.0,2.39012916e-08,1.0846087e-06,320.755981,295.87207,0.364480168,305.256195
2024-05-28,0.0,1.89859239e-08,4.87710672e-08,313.518768,295.4729,0.364222258,303.919373
2024-05-29,0.0,2.52179628e-08,1.39824905e-07,318.545166,295.578735,0.364006281,305.545715
2024-05-30,0.0,2.34126674e-08,3.38332114e-07,316.724762,296.12735,0.363794208,305.197479
2024-05-31,0.0,2.66440399e-08,3.74714615e-09,318.385712,297.386414,0.363598228,305.807434
2024-06-01,0.0,2.5569344e-08,0.0,318.794128,299.294373,0.363421172,305.942719
2024-06-02,0.0,2.56106318e-08,0.0,318.797943,301.562561,0.363255769,306.52951
2024-06-03,0.0,2.94388318e-08,0.0,320.434814,300.812439,0.363101244,307.90274
2024-06-04,0.0,3.14841877e-08,0.0,322.557373,300.132782,0.362957329,309.13916
2024-06-05,0.0,2.99760821e-08,0.0,321.62027,301.262787,0.362822741,309.137482
2024-06-06,0.0,3.36251951e-08,0.0,323.744324,302.376129,0.362695068,310.108948
2024-06-07,0.0,3.70684354e-08,0.0,324.09848,301.186615,0.362576485,311.204193
2024-06-08,0.0,3.16691064e-08,0.0,322.285339,299.177979,0.362471789,310.310608
2024-06-09,0.0,2.32110313e-08,0.0,318.345306,299.183075,0.362374157,307.974396
2024-06-10,0.0,2.46131062e-08,0.0,319.098816,299.784943,0.362279326,307.964386
2024-06-11,0.0,2.84316695e-08,0.0,321.218903,300.500275,0.36218521,308.96991
2024-06-12,0.0,3.29374927e-08,0.0,323.256012,302.585602,0.362091064,310.157806
2024-06-13,0.0,3.75943401e-08,0.0,325.491638,303.699585,0.361997873,311.594574
2024-06-14,0.0,3.9172054e-08,0.0,326.851044,303.455719,0.361910582,312.856049
2024-06-15,0.0,3.52371323e-08,0.0,323.193115,300.545288,0.361832887,311.600525
2024-06-16,0.0,2.82680048e-08,0.0,320.068512,299.386932,0.361758739,309.284027
2024-06-17,0.0,3.02055341e-08,0.0,321.773132,299.327972,0.361685723,309.312164
2024-06-18,0.0,3.13930038e-08,0.0,322.978027,300.376129,0.361614436,309.695984
2024-06-19,0.0,3.41705935e-08,0.0,324.301056,300.414673,0.361543864,310.651337
2024-06-20,0.0,3.24278524e-08,0.0,324.073547,300.333466,0.361477852,310.976837
2024-06-21,0.0,3.09092627e-08,1.28803679e-08,322.486389,299.901947,0.361413509,310.288849
2024-06-22,0.1,2.860825e-08,3.41199957e-09,320.908997,300.515961,0.361360461,309.534088
2024-06-23,5.4,2.59446082e-08,3.11247248e-07,319.782867,300.555023,0.361307591,308.952484
2024-06-24,0.0,2.51330121e-08,5.29885789e-08,319.845306,300.857666,0.361249834,308.942535
2024-06-25,0.0,2.83669692e-08,0.0,321.144287,300.438782,0.361190438,309.500458
2024-06-26,0.0,2.77313603e-08,0.0,321.08017,300.818726,0.361133784,309.42804
2024-06-27,0.0,2.92899767e-08,7.77514799e-08,322.691742,301.017944,0.361076087,310.358185
2024-06-28,0.0,2.72792402e-08,0.0,321.500153,300.957153,0.361022472,309.949341
2024-06-29,0.0,2.59004675e-08,4.30029523e-08,320.084381,300.590851,0.360978037,309.242523
2024-06-30,0.0,3.00981391e-08,2.99902666e-07,321.921356,301.181488,0.360922307,310.036591
2024-07-01,0.0,2.87486213e-08,0.0,320.872925,301.493683,0.360866994,309.771698
2024-07-02,0.0,2.75552186e-08,0.0,319.935852,301.396149,0.360812277,309.27356
2024-07-03,0.0,2.86273281e-08,0.0,320.925323,301.829254,0.360755891,309.543915
2024-07-04,0.0,3.329259e-08,0.0,322.897583,300.806946,0.360699445,310.554718
2024-07-05,0.0,3.2280532e-08,1.03874079e-07,323.549438,300.561371,0.360652,310.833099
2024-07-06,0.0,3.23589902e-08,9.494903e-08,322.912964,301.428375,0.360600948,310.599731
2024-07-07,0.0,2.73540994e-08,0.0,320.614136,302.046906,0.360552311,309.75647
2024-07-08,0.0,2.76464096e-08,0.0,321.097351,301.98175,0.360503227,310.021515
2024-07-09,0.0,2.88555793e-08,0.0,322.285889,302.320099,0.360452443,310.654266
2024-07-10,0.0,3.33100481e-08,0.0,324.860779,303.375092,0.360398024,312.002716
2024-07-11,0.0,3.77286504e-08,0.0,326.40564,303.478607,0.360342652,312.991913
2024-07-12,0.0,3.83738517e-08,0.0,325.942139,302.568024,0.360291094,313.189026
2024-07-13,0.0,3.311958e-08,2.66998512e-08,323.899689,301.732574,0.36029467,312.095673
2024-07-14,1.6,2.84795831e-08,2.33605806e-06,321.081726,302.113495,0.360290974,310.6474
2024-07-15,0.0,2.75577676e-08,1.49572781e-08,321.045105,302.040741,0.360235542,310.531891
2024-07-16,0.0,3.10781196e-08,0.0,323.161041,302.178101,0.36017862,311.334137
2024-07-17,0.0,3.34764536e-08,0.0,324.288574,302.240021,0.360124141,311.983368
2024-07-18,0.0,3.22114708e-08,0.0,323.75885,302.425812,0.360073477,311.881287
2024-07-19,0.0,2.95811429e-08,0.0,322.319946,302.652191,0.360026479,311.234436
2024-07-20,0.0,2.63518647e-08,0.0,320.792389,303.175659,0.359979779,310.617859
2024-07-21,0.0,2.94970572e-08,0.0,322.172668,303.11496,0.359932691,311.164703
2024-07-22,0.0,2.83376593e-08,0.0,321.949036,303.029205,0.359885961,310.976929
2024-07-23,0.0,3.0636965e-08,0.0,322.488953,302.372223,0.359840184,311.046844
2024-07-24,0.0,2.71437059e-08,7.49388729e-09,320.873535,302.515289,0.359798998,310.339386
2024-07-25,0.0,2.90946272e-08,4.52032651e-08,321.426178,302.127899,0.359755993,310.624481
2024-07-26,0.1,2.81577641e-08,3.46885507e-08,321.148041,302.31073,0.359713465,310.425049
2024-07-27,0.0,3.21791696e-08,5.69044651e-08,324.0802,303.283356,0.359667897,311.631775
2024-07-28,0.0,3.46524409e-08,0.0,324.811554,303.44043,0.359618455,312.410431
2024-07-29,0.0,3.84403123e-08,0.0,326.253998,302.600677,0.359573454,313.061737
2024-07-30,0.0,2.95048022e-08,0.0,322.103394,302.204712,0.359533429,311.274933
2024-07-31,0.0,2.95251947e-08,0.0,322.548889,302.316101,0.359492749,311.159637
2024-08-01,0.0,3.06248964e-08,0.0,323.518524,302.702087,0.359452486,311.298981
2024-08-02,0.0,2.9759633e-08,0.0,321.871124,302.139282,0.35941264,310.925568
2024-08-03,0.0,3.0290721e-08,0.0,321.936676,301.292511,0.359372705,310.58548
2024-08-04,0.0,3.00899714e-08,0.0,322.074066,301.873627,0.359333128,310.465393
2024-08-05,0.0,2.99406899e-08,0.0,322.135284,302.039062,0.359293312,310.723755
2024-08-06,0.0,3.19745759e-08,0.0,322.697296,301.68454,0.359253407,310.923798
2024-08-07,0.0,3.03915506e-08,0.0,322.781403,301.722443,0.359214783,310.768219
2024-08-08,0.0,2.97394536e-08,0.0,322.831451,301.459839,0.359176487,310.838837
2024-08-09,0.0,2.89911295e-08,4.40389059e-09,322.011353,301.298431,0.359141618,310.503876
2024-08-10,0.0,3.07153591e-08,5.83156456e-08,322.969788,301.26181,0.359104365,310.715851
2024-08-11,0.0,3.03681986e-08,5.29261115e-08,322.702118,302.060242,0.359067082,310.758362
2024-08-12,0.0,2.89421589e-08,0.0,322.224976,301.969452,0.359031916,310.804535
2024-08-13,0.0,2.83881736e-08,0.0,322.013123,301.835297,0.358995706,310.617096
2024-08-14,0.0,3.04682466e-08,0.0,323.210724,301.900787,0.358960152,311.173767
2024-08-15,0.0,2.78769772e-08,0.0,321.459106,301.953583,0.358927637,310.478851
2024-08-16,0.0,2.57159911e-08,0.0,320.304688,302.379547,0.35889563,309.765564
2024-08-17,0.0,2.70728986e-08,0.0,320.916992,302.267029,0.358861178,310.137573
2024-08-18,0.0,3.05401038e-08,0.0,323.424225,301.91037,0.358825654,311.178955
2024-08-19,0.0,3.12307797e-08,0.0,323.589935,301.069824,0.358790785,311.376862
2024-08-20,0.0,2.95208284e-08,0.0,322.244293,301.395538,0.358757466,310.604553
2024-08-21,0.0,2.78968226e-08,0.0,321.502106,302.182953,0.358725578,310.042145
2024-08-22,0.0,2.83067667e-08,0.0,321.792664,301.60257,0.358695894,310.452637
2024-08-23,0.0,3.20681579e-08,3.45590024e-07,323.030701,301.736969,0.358679265,311.167999
2024-08-24,0.0,2.95954337e-08,2.76971349e-07,321.712769,301.819946,0.358644843,310.464386
2024-08-25,0.0,2.89303355e-08,3.74677089e-09,322.229248,302.275604,0.358608335,310.617035
2024-08-26,0.0,3.11805657e-08,0.0,323.68219,302.092102,0.358572096,311.394257
2024-08-27,0.0,3.05854506e-08,0.0,322.688141,301.681702,0.358536631,310.817017
2024-08-28,0.0,3.06866852e-08,2.61163944e-08,322.386963,301.620148,0.358512491,310.392914
2024-08-29,0.0,2.80271095e-08,4.69768537e-07,321.148315,301.576233,0.358492166,309.829865
2024-08-30,0.0,2.57372879e-08,6.40743778e-08,319.357086,301.684052,0.358467102,308.942383
2024-08-31,0.0,2.63820841e-08,1.52684464e-07,320.094421,301.377716,0.358440846,309.116943
2024-09-01,0.0,2.51430148e-08,3.12648325e-07,318.841522,301.138458,0.358418584,308.491241
2024-09-02,0.0,2.93570697e-08,1.29981387e-07,321.596527,300.779144,0.358388394,309.505524
2024-09-03,0.0,2.99947551e-08,1.16298895e-06,321.605042,300.655762,0.358402461,309.726593
2024-09-04,0.0,2.76260295e-08,2.71250684e-07,320.602081,300.549805,0.358366102,309.150085
2024-09-05,0.0,2.68952558e-08,3.00291774e-08,320.453857,301.010559,0.358336002,309.089874
2024-09-06,0.0,2.65502873e-08,2.86056775e-07,319.779755,301.426239,0.358302504,309.395782
2024-09-07,0.0,2.62765951e-08,0.0,320.597839,302.035187,0.358264208,309.490997
2024-09-08,0.0,2.75951351e-08,0.0,320.768494,301.965149,0.358225375,309.685944
2024-09-09,0.0,3.01008605e-08,0.0,322.437256,300.995514,0.358186841,310.241608
2024-09-10,0.0,2.85204962e-08,9.38973413e-11,321.235992,301.576782,0.358149201,309.794373
2024-09-11,0.0,3.02017469e-08,0.0,321.552277,303.278473,0.358111709,309.460938
2024-09-12,0.0,2.99213347e-08,0.0,321.08493,301.802094,0.358076245,309.600189
2024-09-13,0.0,2.80104349e-08,0.0,321.233734,300.752136,0.358044982,309.489929
2024-09-14,0.0,2.61102429e-08,2.14882036e-07,319.162567,301.183929,0.358062178,308.337402
2024-09-15,0.5,2.38152182e-08,2.78075095e-06,318.275696,300.702759,0.358185172,307.949127
2024-09-16,1.5,2.55911417e-08,7.49427682e-06,316.737274,300.345551,0.35858193,307.458984
2024-09-17,0.8,2.08470059e-08,1.01081978e-05,311.652893,299.605225,0.358751506,305.509521
2024-09-18,0.0,2.4991472e-08,1.90554931e-06,318.191101,299.942139,0.358653873,306.977875
2024-09-19,0.0,2.25178756e-08,6.21187553e-07,316.846527,300.346252,0.358584076,306.641052
2024-09-20,0.4,2.28203518e-08,4.96193763e-07,317.792084,300.071228,0.358495235,307.329254
2024-09-21,0.5,2.21045671e-08,8.6772161e-07,316.389343,299.59967,0.358992666,306.482086
2024-09-22,3.6,1.99273131e-08,3.56197415e-05,313.808716,299.768219,0.359929532,305.296295
2024-09-23,1.2,2.24142482e-08,4.72533748e-06,315.257751,299.891205,0.35968709,305.468628
2024-09-24,0.0,2.31320048e-08,0.0,317.744507,300.145905,0.359462172,306.199646
2024-09-25,0.0,2.01321324e-08,0.0,316.23938,300.442444,0.359262943,305.883087
2024-09-26,0.0,2.21701324e-08,0.0,317.183228,300.907349,0.359082818,306.137848
2024-09-27,0.0,2.41943905e-08,0.0,318.792358,300.823334,0.358920336,306.876923
2024-09-28,0.0,2.55918735e-08,0.0,319.755798,300.035248,0.3587735,307.555206
2024-09-29,0.0,2.28112071e-08,0.0,317.206879,299.168396,0.358644098,306.852295
2024-09-30,0.0,1.96725463e-08,1.26601705e-07,315.395111,298.945465,0.359402031,305.588287
2024-10-01,4.3,1.70766139e-08,3.25250403e-05,312.011688,298.350494,0.359684616,303.911041
2024-10-02,0.9,2.07500488e-08,5.12933696e-07,313.658386,298.501007,0.359448582,304.217163
2024-10-03,0.0,2.12631672e-08,0.0,316.112091,299.291718,0.359239578,304.695099
2024-10-04,0.0,1.88161238e-08,0.0,315.177399,299.287689,0.359053582,304.693665
2024-10-05,0.0,1.8361602e-08,0.0,315.314606,299.426941,0.358887911,304.865204
2024-10-06,0.0,1.81405042e-08,8.09431313e-08,316.366577,299.137482,0.358804584,305.374359
2024-10-07,0.0,1.73072596e-08,2.23590769e-06,315.580719,300.045593,0.358691663,305.467865
2024-10-08,0.0,1.93443821e-08,0.0,315.377441,299.432251,0.358558446,305.171814
2024-10-09,0.0,1.90085192e-08,1.87786689e-10,315.547333,298.483948,0.358457476,305.121002
2024-10-10,0.0,1.7676852e-08,8.88288525e-07,313.862549,298.049927,0.358365446,304.909576
2024-10-11,0.0,1.79675546e-08,1.34420803e-08,314.467773,298.419281,0.358262986,304.522247
2024-10-12,0.0,1.8897353e-08,1.05856932e-08,315.77771,298.934479,0.358167976,304.876373
2024-10-13,0.0,1.97631724e-08,0.0,316.155396,298.558929,0.358080417,305.212616
2024-10-16,0.7,1.75198487e-08,4.9027409e-07,313.757172,298.054657,0.358036906,304.591248
2024-10-17,0.5,1.81335817e-08,2.84324578e-05,313.648438,297.309052,0.358962536,304.097931
2024-10-18,1.1,1.86229823e-08,7.13010406e-09,311.205841,296.411835,0.358773977,302.438416
2024-10-19,0.0,1.78458812e-08,0.0,310.124329,296.271088,0.358608633,300.890228
2024-10-20,0.0,1.76706436e-08,0.0,309.387115,296.260773,0.358460665,300.255646
2024-10-21,0.0,1.80373174e-08,0.0,309.306519,295.619202,0.358327121,299.990814
2024-10-22,0.0,1.74259327e-08,0.0,306.843567,295.36554,0.358204514,298.762177
2024-10-23,0.0,2.01985788e-08,0.0,309.567352,295.560608,0.358092785,298.902802
2024-10-24,0.0,2.0099689e-08,0.0,309.881836,296.090424,0.357992917,299.029877
2024-10-25,0.0,1.87632576e-08,0.0,309.050385,297.143097,0.357901126,299.053375
2024-10-26,0.0,1.90499438e-08,0.0,310.559662,297.886383,0.35781607,299.662506
2024-10-27,0.0,2.02219663e-08,0.0,311.657776,297.079437,0.357736975,300.109375
2024-10-28,0.0,1.74407937e-08,0.0,309.615265,296.201813,0.357664496,299.607269
2024-10-29,0.0,1.58082525e-08,0.0,309.596832,296.145721,0.357597739,299.650696
2024-10-30,0.0,1.63084124e-08,0.0,310.629578,296.046021,0.357551932,300.345184
2024-10-31,0.0,1.48988164e-08,7.0754686e-07,310.211639,297.807892,0.3575041,300.309113
2024-11-01,0.0,1.72410779e-08,0.0,310.263245,297.40506,0.357536793,300.48056
2024-11-02,2.8,1.62673128e-08,4.74255285e-06,309.912323,295.414215,0.358864337,300.526001
2024-11-03,9.0,1.33520821e-08,5.92802498e-05,307.84024,294.928528,0.360788435,299.654022
2024-11-04,1.3,1.27133779e-08,2.88808296e-05,307.047485,295.143555,0.360549599,298.878754
2024-11-05,0.0,1.3237206e-08,8.6788873e-08,309.020294,296.292877,0.360150605,299.040619
2024-11-06,0.0,1.33124098e-08,0.0,307.828827,296.750641,0.359803796,298.928497
2024-11-07,0.0,1.36991476e-08,5.33906928e-08,309.004059,296.689606,0.359501243,299.373047
2024-11-08,0.0,1.35300509e-08,0.0,308.897675,296.832611,0.359232754,299.565277
2024-11-09,0.0,1.33770817e-08,0.0,306.927551,296.385254,0.359101623,298.855164
2024-11-10,33.0,1.35633469e-08,1.01250789e-05,308.492035,295.028015,0.359332174,299.070312
2024-11-11,0.7,1.11647198e-08,8.8378647e-06,305.316467,294.684937,0.359526008,298.039398
2024-11-12,0.0,1.10980851e-08,6.76544505e-06,306.919373,294.384247,0.359361261,298.387665
2024-11-13,0.0,1.05896483e-08,2.510993e-06,307.327362,294.136139,0.359149128,298.108093
2024-11-14,0.0,1.11104903e-08,0.0,306.780884,294.351349,0.35891822,297.737457
2024-11-15,0.0,1.13283463e-08,0.0,306.599091,294.559967,0.358835131,297.390167
2024-11-16,0.0,1.21215153e-08,5.14623889e-06,306.734131,294.523041,0.358783513,297.555573
2024-11-17,0.5,1.15411085e-08,1.70500771e-05,304.964691,292.335236,0.365666479,296.993134
2024-11-18,7.4,8.96596486e-09,0.000226442004,302.312714,292.85907,0.368549675,295.834839
2024-11-19,5.3,9.67508296e-09,6.31316216e-05,302.832581,293.325745,0.368362784,295.860962
2024-11-20,0.3,1.02454223e-08,1.6436441e-05,303.305176,293.835114,0.367135197,295.67453
2024-11-21,0.0,9.79302239e-09,2.80670179e-06,303.605927,295.112946,0.36584115,295.850433
2024-11-22,0.0,1.21121699e-08,0.0,305.367096,295.91925,0.364762545,296.247192
2024-11-23,0.0,1.28003164e-08,0.0,306.394867,291.01181,0.364935666,296.850342
2024-11-24,11.2,7.40548423e-09,3.59044898e-05,294.636139,286.575348,0.365908265,292.760986
2024-11-25,6.1,7.72081599e-09,0.00015026523,296.371735,286.045471,0.371884227,291.221893
2024-11-26,5.5,8.85296725e-09,8.45160394e-05,297.871063,288.932098,0.370385319,290.629486
2024-11-27,0.2,7.32290095e-09,8.90910815e-06,297.078491,290.706329,0.368738502,291.159973
2024-11-28,0.0,8.91346463e-09,2.00101671e-10,300.756195,290.438141,0.367237717,292.598877
2024-11-29,0.0,8.18349921e-09,6.36080358e-07,300.417419,289.999725,0.366051912,293.197693
2024-11-30,0.0,8.91361029e-09,3.59867272e-07,300.657227,290.327728,0.365035772,292.693542
2024-12-01,0.0,9.26446564e-09,0.0,300.375061,290.623383,0.364177436,292.041901
2024-12-02,0.0,9.83265291e-09,0.0,299.674744,291.289337,0.363444358,291.756226
2024-12-03,0.0,1.04478355e-08,0.0,301.608643,292.356567,0.36287567,292.356659
2024-12-04,5.2,9.310825e-09,4.46396734e-06,300.207947,292.299896,0.36252591,292.7341
2024-12-08,0.6,8.74890294e-09,4.70677696e-06,302.513977,292.525208,0.360999942,293.7659
2024-12-09,0.0,8.36952374e-09,6.10359692e-08,302.269012,293.088409,0.360660583,293.898651
2024-12-10,0.0,8.10941447e-09,0.0,301.383698,292.987244,0.360358,293.70105
2024-12-11,0.0,7.58001661e-09,0.0,299.453552,292.284454,0.360178024,293.260223
2024-12-12,0.0,7.06623071e-09,1.10854671e-05,300.175293,291.229767,0.360429287,293.426025
2024-12-13,0.0,9.73409175e-09,4.74408489e-06,301.351501,289.565765,0.360187501,293.119141
2024-12-14,0.0,8.39683434e-09,0.0,299.013947,290.128021,0.359920979,291.57547
2024-12-15,0.0,9.80342474e-09,0.0,300.2005,290.581085,0.359682769,291.382843
2024-12-16,0.0,1.04428208e-08,5.10470919e-08,299.003113,290.526978,0.359519094,291.108124
2024-12-17,0.2,8.2531697e-09,1.69560872e-06,300.378296,290.416626,0.359342664,291.880463
2024-12-18,0.0,7.26792893e-09,0.0,299.280884,291.443542,0.359158546,291.448822
2024-12-19,0.0,1.04006679e-08,0.0,300.626923,290.932709,0.359415054,291.631256
2024-12-20,0.3,8.26497537e-09,1.98360704e-05,299.334656,291.372223,0.359919518,291.223114
2024-12-21,2.0,6.74423362e-09,3.19765422e-05,297.815186,291.008881,0.365025848,291.98291
2024-12-22,11.3,4.89167773e-09,0.000150666878,297.483948,291.271973,0.367296308,291.678589
2024-12-23,11.0,6.19658858e-09,9.81929697e-05,298.792053,291.092255,0.368321627,291.760406
2024-12-24,0.0,5.8223848e-09,1.54816314e-06,297.917694,292.095459,0.366868138,291.092896
2024-12-25,0.4,8.72656258e-09,2.04462253e-06,301.285217,290.63266,0.366871804,292.08905
2024-12-26,1.6,8.11566814e-09,3.86628744e-05,298.756775,287.68927,0.371790498,291.580231
2024-12-27,9.2,5.07443554e-09,0.000317627069,291.607452,288.423187,0.380925685,289.483002
2024-12-28,1.4,4.51294602e-09,0.000344189117,294.368286,287.667633,0.402512401,289.953003
2024-12-29,1.7,3.53624174e-09,0.00109328353,290.458588,287.979523,0.403029174,289.108246
2024-12-30,1.6,5.75022518e-09,0.000145671205,295.24939,288.192902,0.392114371,289.66098
2024-12-31,2.3,6.98600244e-09,2.97544248e-05,297.676941,288.800079,0.384994775,290.08139
2025-01-01,0.0,7.47376827e-09,1.52454064e-07,298.836029,288.840912,0.38044998,290.067841
2025-01-02,0.0,7.98266964e-09,1.161822e-07,298.89212,289.032074,0.377250642,290.141876
2025-01-03,0.0,8.34873237e-09,0.0,299.000793,290.286987,0.374844044,290.131165
2025-01-04,0.0,8.58697824e-09,0.0,298.184418,292.049377,0.372953147,290.676422
2025-01-05,0.0,8.77817019e-09,1.25441391e-09,298.988922,290.366425,0.371422261,291.26178
2025-01-06,0.0,7.13399162e-09,3.87855942e-10,298.888458,290.022888,0.370157748,290.984924
2025-01-07,0.0,7.24043092e-09,1.87712999e-07,299.72998,290.393829,0.369091272,291.114624
2025-01-08,0.0,7.86296628e-09,0.0,300.53772,290.762848,0.368175119,291.472046
2025-01-09,0.0,8.77826967e-09,0.0,299.810455,290.874451,0.367385149,291.383331
2025-01-10,0.6,9.50058077e-09,3.85423846e-07,300.868225,290.150116,0.366911501,291.391083
2025-01-11,0.6,7.5525568e-09,9.87541171e-06,299.29007,290.639648,0.366515279,291.153229
2025-01-12,0.0,6.59037935e-09,3.47567789e-06,299.925476,291.596893,0.365996271,291.485809
2025-01-13,0.0,8.03206923e-09,0.0,301.032684,292.390991,0.36545217,292.096649
2025-01-14,0.0,9.64595781e-09,0.0,301.6297,291.986664,0.364970535,292.330292
2025-01-15,0.0,9.31475963e-09,0.0,301.611603,291.022339,0.364567876,292.210876
2025-01-16,0.0,7.32764116e-09,2.88192587e-06,300.528809,290.318481,0.364295036,292.340851
2025-01-17,0.0,7.44757012e-09,7.58643239e-07,300.221924,289.716797,0.363941759,291.764801
2025-01-18,0.0,8.60923244e-09,0.0,299.758575,289.45343,0.363613635,291.154297
2025-01-19,0.0,9.0200869e-09,0.0,301.018127,290.034576,0.363359004,291.388214
2025-01-20,0.0,7.53200791e-09,3.81952486e-06,300.451782,290.153015,0.363200545,291.50769
2025-01-21,0.0,8.18274337e-09,0.0,300.918335,291.125824,0.362951279,291.727844
2025-01-22,1.8,8.56473026e-09,1.12177531e-06,296.561798,289.367554,0.363929302,291.50766
2025-01-23,2.5,7.18869275e-09,5.09457132e-05,298.900757,289.474274,0.364752501,291.553375
2025-01-24,1.6,7.3261206e-09,1.78284026e-05,298.988495,289.872345,0.364661068,291.17807
2025-01-25,0.2,8.83323015e-09,5.34301819e-07,301.207275,290.457123,0.364549488,291.73819
2025-01-26,0.0,8.94427377e-09,2.57192733e-05,299.479919,290.38443,0.364743352,292.186707
2025-01-27,0.0,8.8629788e-09,6.68475423e-07,300.635223,289.41629,0.364241481,292.145874
2025-01-28,0.0,1.07722906e-08,0.0,300.668518,290.36264,0.363795787,291.374451
2025-01-29,0.0,1.15720011e-08,0.0,302.098846,291.215485,0.363407403,291.715698
2025-01-30,0.0,1.10616929e-08,0.0,302.761932,289.329498,0.363849163,292.187958
2025-01-31,6.0,8.5790326e-09,3.82119906e-05,301.092834,289.351868,0.364208966,291.961395
2025-02-01,0.0,9.26898114e-09,3.21918208e-08,302.083344,289.811615,0.363746524,292.041687
2025-02-02,0.0,9.3701793e-09,0.0,302.235992,289.843353,0.363348126,292.148163
2025-02-03,0.2,6.81561074e-09,0.0,296.787872,289.705933,0.363001138,290.933441
2025-02-04,0.0,8.97654129e-09,6.72808881e-07,301.937744,288.417145,0.369394809,291.706085
2025-02-05,51.5,5.97821126e-09,0.0003971275,297.784302,284.67099,0.379564047,290.688263
2025-02-06,39.8,6.86511648e-09,0.000112582093,293.931274,283.995422,0.3776443,288.783264
2025-02-07,3.4,5.91400751e-09,2.75626226e-05,290.919617,285.396149,0.374982208,287.370544
2025-02-08,0.0,7.68730501e-09,1.25002998e-06,295.955627,286.798859,0.373476475,288.362915
2025-02-09,2.6,8.72252404e-09,5.64639631e-05,299.970947,287.155457,0.374081701,290.505951
2025-02-10,9.7,7.81471687e-09,5.7221172e-05,298.861298,287.116852,0.373402745,290.491425
2025-02-11,4.8,8.05842504e-09,3.24834145e-05,300.053375,286.742462,0.374710768,290.479279
2025-02-12,9.3,6.75644962e-09,0.000174216912,297.475494,286.820374,0.377446622,289.69455
2025-02-13,16.5,6.97436109e-09,3.02119879e-05,293.4599,286.965851,0.374886394,288.678864
2025-02-14,0.0,9.14475695e-09,0.0,299.37674,288.822479,0.372698635,289.770172
2025-02-15,0.0,1.05372413e-08,2.38731036e-06,300.918579,288.985748,0.371611089,290.632172
2025-02-16,1.1,8.98302321e-09,1.79447779e-05,300.6698,289.414307,0.370361716,291.104736
2025-02-17,0.0,1.04723243e-08,3.74616206e-06,303.413483,290.413269,0.369217068,292.263519
2025-02-18,0.0,1.15527667e-08,0.0,304.031433,289.66684,0.36889115,292.981415
2025-02-19,2.3,7.18535853e-09,6.8179339e-05,299.305511,287.602203,0.374866933,292.010864
2025-02-20,13.8,9.64241842e-09,0.000163806937,300.103882,284.689728,0.374813229,291.89975
2025-02-21,1.5,9.66963221e-09,3.25134388e-05,298.802551,282.665894,0.373626918,290.439667
2025-02-22,4.2,7.40918971e-09,5.19771856e-05,294.731903,280.707855,0.373480648,287.922272
2025-02-23,0.5,7.48617879e-09,1.71991414e-05,294.10556,281.173248,0.37244001,286.523315
2025-02-24,0.3,7.51336326e-09,1.73561293e-05,294.461182,282.502472,0.370879322,286.078033
2025-02-25,0.0,9.14170872e-09,0.0,298.393677,285.066071,0.369567364,287.142151
2025-02-26,0.0,9.06618514e-09,0.0,299.50705,286.912231,0.368493766,288.636627
2025-02-27,0.0,9.54563983e-09,0.0,301.370148,287.240601,0.367597371,290.05426
2025-02-28,0.0,1.02855138e-08,0.0,302.579407,288.234833,0.367039412,290.84787
2025-03-01,4.1,9.62467617e-09,8.03881721e-06,302.533295,289.024384,0.366478115,291.830902
2025-03-02,0.0,1.16538539e-08,0.0,304.656555,290.096649,0.365870237,292.822571
2025-03-03,0.0,8.91416452e-09,0.0,299.258972,290.619537,0.365342587,292.155579
2025-03-04,0.0,1.22741062e-08,0.0,306.303253,290.238129,0.365459323,294.438873
2025-03-05,6.4,1.05211733e-08,2.63313759e-05,302.49823,289.950104,0.365448266,293.874298
2025-03-06,0.3,1.2550835e-08,0.0,305.829865,290.394867,0.364949316,294.438324
2025-03-07,1.9,1.05664952e-08,7.0124436e-08,304.069489,290.749847,0.364515185,294.090546
2025-03-08,0.0,1.2154584e-08,0.0,307.024994,290.48114,0.364131778,295.133698
2025-03-11,0.0,1.12147971e-08,9.60439728e-10,307.678986,291.53476,0.363221169,295.991669
2025-03-12,0.0,1.18513261e-08,9.60439728e-10,308.043335,294.889648,0.362972945,296.334534
2025-03-13,0.0,1.66784009e-08,0.0,310.914398,295.974335,0.362745851,297.93338
